id,name,decision,role,lane,size,day,theme_day,dependencies,acceptance_test,source,docs15_status,unknown_assumed,scope_note,drop_reason,sublane,model_tier
F-SR-001,"Install, login, first bundle",BUILD,SR,android-sr,M,2,2,F-SYS-006;F-SYS-001;N-023,"The SR logs in with username and password, the first bundle downloads resumably, the version shows from one source on the login screen and in Settings, and the footer carries AKTCL branding instead of the vendor credit",parity,parity,,,,android-sr-a,T1
F-SR-002,Device OTP prompt,BUILD,SR,android-sr,S,4,3,F-SYS-003,"On an unbound phone four OTP boxes and Verify appear; wrong, expired and too-many-attempts texts show in Bangla and English and a correct OTP binds the phone",changed,changed,,,,android-sr-a,T2
F-SR-003,Permissions onboarding and gating,BUILD,SR,android-sr,S,2,2,F-SYS-023,"First run asks for precise location, camera and Bluetooth with Bangla rationale and never asks for the microphone; checked on the Galaxy A06 against the seeded day, in Bangla and in English, and the state survives a kill and relaunch",changed,changed,,,,android-sr-a,T2
F-SR-004,In-app update prompt,BUILD,SR,android-sr,S,5,5,F-SYS-020,The Update Available page shows release notes and percent progress and a forced update splash blocks a new day but not an open offline day,changed,changed,,,,android-sr-a,T2
F-SR-005,Settings: language,BUILD,SR,android-sr,S,3,3,F-SYS-019,"The language chosen in Settings persists across relaunch; checked on the Galaxy A06 against the seeded day, in Bangla and in English, and the state survives a kill and relaunch",parity,parity,,,,android-sr-a,T2
F-SR-006,Settings: PDA to Support,BUILD,SR,android-sr,S,5,5,F-SYS-021,"Settings PDA to Support shows progress and the result and queues the file offline; checked on the Galaxy A06 against the seeded day, in Bangla and in English, and the state survives a kill and relaunch",parity,parity,,,,android-sr-a,T2
F-SR-007,Settings: Logout,BUILD,SR,android-sr,S,4,3,F-SYS-022,"Settings Logout asks for confirmation and an SR logout keeps the local database; checked on the Galaxy A06 against the seeded day, in Bangla and in English, and the state survives a kill and relaunch",parity,parity,,,,android-sr-a,T2
F-SR-008,Home header,BUILD,SR,android-sr,S,2,2,N-023;N-017,"The header shows 'SR - name (username)' and '<route name (visit days)>, ISO date' and a route label for Daily, 3F or 2F",parity,parity,,,,android-sr-a,T2
F-SR-009,Home tile grid,BUILD,SR,android-sr,S,2,2,N-023;N-016,"Home shows the screenshot's tile grid in order, the tiles resolved per user (Loyalty Point and Photo Capture hidden for an account without them) and a task badge equal to the open task count",parity,parity,,TRIM (docs/27): no Loyalty Point tile,,android-sr-a,T2
F-SR-010,Home KPI strip,BUILD,SR,android-sr,M,2,2,F-SR-009;F-SR-050,"In airplane mode the KPI strip shows outlets visited x/y, strike rate (6 of 60 gives 10 percent), Issue and Current stock per category with units, non-visit and no-sale equal to values computed from Room for the seeded day, in Bengali digits",changed,changed,,,,android-sr-b,T2
F-SR-011,Attendance check-in,BUILD,SR,android-sr,M,2,2,N-021;F-SYS-008;F-SYS-049;N-023,"In airplane mode check-in stores one fix, the time and the mock flag, shows the check-in message and disables the button; the address shows coordinates offline and a text address online; check-out stays disabled before 17:00 Dhaka",parity,parity,"Whether Stock and Sale are blocked before check-in is UNKNOWN (Q-UI-04); assumed: the check-in message is a prompt, not a block (cfg.day.require_checkin_before_sale off).",,,android-sr-a,T2
F-SR-012,Attendance check-out,BUILD,SR,android-sr,S,4,3,F-SR-011,"Check-out is enabled from 17:00 corrected Dhaka time, press-and-hold shows the day-complete message and queues an outbox event",parity,parity,,,,android-sr-a,T2
F-SR-013,Bluetooth printer pairing and state,BUILD,SR,android-print,M,2,2,N-019,"Pairing the MP-58N from the printer icon shows green connected with the banner, red slashed when off, auto-reconnects, and Print is enabled only when connected and saved",parity,parity,,,,android-print,T1
F-SR-014,Stock load (issue by SKU),BUILD,SR,android-sr,M,2,2,N-016;F-SYS-045;N-023,"The Stock screen takes a stepped or typed Issue per SKU, shows today's loaded total read-only, a Save posts only the entered increment and works offline, a same-values re-save within the guard window is refused, and the category totals show 400 and 400 for the seeded load",changed,changed,"Whether Save is blocked while the printer is not connected is UNKNOWN (Q-UI-03); assumed: Save always works offline, the slip is flagged not printed, Sales Submit warns.",,,android-sr-a,T2
F-SR-015,Print stock memo,BUILD,SR,android-print,S,3,2,N-018;N-019;F-SR-014,The stock slip prints per SKU with category totals and stock_slip_printed turns true; Save is never blocked by the printer,parity,parity,,,,android-print,T1
F-SR-016,Route outlet list with alphabet filter,BUILD,SR,android-sr,M,2,2,N-016;N-023;F-SYS-070,"The Sale picker lists today's outlets as name (code-phone-cluster) with case-insensitive Bangla and Latin filter chips, 11-digit phones and closed outlets hidden",changed,changed,,,,android-sr-a,T2
F-SR-017,Open visit and geo check,BUILD,SR,android-sr,L,2,2,N-016;N-021;N-004;F-SYS-008,"Selecting an outlet opens the visit row at once and takes one fix; inside the radius the sale continues, outside it shows the Bangla out-of-range message with Force Sale and Refresh, a mocked fix is never valid, and everything works in airplane mode",parity,parity,,,,android-sr-a,T1
F-SR-018,Force Sale,BUILD,SR,android-sr,M,3,3,F-SR-017;F-SYS-010;F-SR-079,"Out of range, one reason (internet problem or location change) and an outlet photo let the sale proceed with photo_validated true and geo_validated false; the photo raises a location-change request and a denied location permission blocks the sale",changed,changed,,,,android-sr-a,T2
F-SR-019,Refresh GPS fix,BUILD,SR,android-sr,S,2,2,N-021,"Refresh GPS re-reads one fix and re-evaluates, capped by the configured limit per outlet; checked on the Galaxy A06 against the seeded day, in Bangla and in English, and the state survives a kill and relaunch",parity,parity,,,,android-sr-a,T1
F-SR-020,AV and KV during the call,BUILD,SR,android-sr,M,5,5,F-SR-060,"An outlet's assigned AV then KV then survey then sale play in that order from the Wi-Fi-downloaded cache, each view is logged offline and a missing item is skipped without blocking the sale",parity,parity,,,,android-sr-a,T2
F-SR-021,POSM survey and photo,BUILD,SR,android-sr,M,5,5,F-SR-060;F-SYS-030,"The POSM survey shows Q1 and the Q1.1 photo only when Q1 is yes, asks the confirmation, and a replayed upload posts the 50 points once",parity,parity,,,,android-sr-a,T2
F-SR-022,Slide (DRP) empty-pack collection,BUILD,SR,android-sr,M,3,3,F-SR-024;F-SR-023,"Slide lists only SKUs with an active offer, takes empty packets by stepper or manual dialog with shortcut steps, and 10 empty MaxR-10S packets give one reward pack shown as an 80.00 deduction with the quantity total unchanged",parity,parity,,,,android-sr-b,T2
F-SR-023,Sale: SKU quantity entry,BUILD,SR,android-sr,L,2,2,F-SYS-045;N-023;N-016,"The sale screen takes quantities in sticks for cigarettes and bidi, pieces for lighters and dozens for matches with the unit shown, a pack badge equal to quantity over pack size, a running total, a stock warning that allows the sale and a 60-line limit",changed,changed,Meaning of the purple pack badge and the three unlabelled indicators is UNKNOWN (Q-UI-11); assumed: packs equivalent (quantity over pack size) and the indicators hidden.,,,android-sr-b,T1
F-SR-024,Offers auto-apply,DEFERRED,SR,android-sr,M,2,2,N-003;N-008,"The seeded offer applies automatically on Review and the Home card (437.50 for 35 lighters at 12.50), the DRP reward stays a separate deduction, and discount lines are stored as (sku, qty, value, kind)",parity,parity,"Offer catalogue and where discounts render are UNKNOWN (UI-SR-26, Q-UI-01); assumed: money discount per SKU stored as (sku, qty, value, kind) and printed as the current slip prints; only the one known offer is seeded.",,"Deferred 2026-10-06 by sponsor: target, loyalty and discount/promotion programmes wait for the business rules (docs/27)",,
F-SR-025,Review (নিরীক্ষণ),BUILD,SR,android-sr,M,2,2,F-SR-023;F-SR-024,"Review shows lines with category subtotals, every non-zero component and net = gross - offer discount - DRP discount - QC; credit and Product QC work in any order and the draft survives a kill and relaunch",changed,changed,,TRIM (docs/27): offer/DRP discount components stay in the money model; offer lines are zero until the discount engine exists,,android-sr-b,T2
F-SR-026,Credit (বাকি) with partial payment,BUILD,SR,android-sr,M,4,3,F-SR-025;F-SYS-060,"The credit checkbox asks for the paid amount (at least 0 and below the total, two decimals), shows the due to the paisa and the memo records is_credit, paid and due",parity,parity,,,,android-sr-b,T1
F-SR-027,Product QC,BUILD,SR,android-sr,L,3,3,F-SR-025,"Product QC takes production and transport faults per SKU, saves the deduction as defect sticks times price at capture, subtracts it from the net and locks edits at that outlet once completed",parity,parity,"Maximum-QC basis and deduction rule are UNKNOWN (MQ-03, MQ-04); assumed: defect sticks x price at capture, cap per SKU in taka.",,,android-sr-b,T1
F-SR-028,Print memo,BUILD,SR,android-print,M,2,2,N-018;N-019;N-016;F-SYS-045,"Print shows 'sure? the sale will be saved', Yes commits the immutable memo before and regardless of printing, then 'print this sale?' and the Bangla memo prints once; No leaves printed_at empty and the memo reprintable",parity,parity,,,,android-print,T1
F-SR-029,Zero sale,BUILD,SR,android-sr,S,4,3,F-SR-025;F-SR-057,"Proceed with no SKU asks to sell zero, writes a memo row with line_count 0 that consumes a number, counts as a visit and a no-sale and is printable",parity,parity,,,,android-sr-b,T2
F-SR-030,Memo menu,BUILD,SR,android-sr,M,3,3,F-SR-028,"The Memo menu lists visited outlets with the memo total and memo number or time, shows the items table, discount table (SKU, quantity, value), total discount, total QC and grand total, and offers Print, Edit and Mark paid",parity,parity,,,,android-sr-b,T2
F-SR-031,Memo reprint,BUILD,SR,android-print,S,3,3,F-SR-030,"Reprint prints a committed memo with the duplicate marker, increments the reprint count and refuses beyond the configured limit",changed,changed,What the Apsis printout shows on a reprint is UNKNOWN (UI-SR-29); assumed: a duplicate marker line on the paper.,,,android-print,T1
F-SR-032,Due collection (বাকি পরিশোধ),BUILD,SR,android-sr,M,3,3,F-SR-030;F-SYS-060,"The Memo menu shows the outlet due in red, Mark paid asks to confirm and settles the whole memo writing a due_collection row, and the success text shows",parity,parity,,,,android-sr-b,T2
F-SR-033,Sale edit,BUILD,SR,android-sr,L,4,3,F-SR-030;F-SR-027,"Edit works only inside the outlet geofence and before QC, asks one of three reasons, reopens the sale pre-filled with the outlet read-only, and the new memo supersedes the old one and adjusts the due; the server re-checks the geofence",parity,parity,Edit reasons 2 and 3 are UNKNOWN (G-man-012); assumed: wrong SKU quantity and wrong price type alongside the known wrong-SKU reason.,,,android-sr-b,T1
F-SR-034,Sync,BUILD,SR,android-sr,S,3,3,F-SYS-009,"The Sales Submit sync screen shows Online status and device-versus-server counts for outlet, sale, stock, QC and promotion and a Sync data button that retries",changed,changed,,,,android-sr-b,T1
F-SR-035,Sales Submit (বিক্রয় জমা),BUILD,SR,android-sr,M,3,3,F-SR-034;F-API-008,"Sales Submit is enabled after sync, warns without blocking when retailers still owe, queues offline as the last event of the day and shows the success message once the server settles",changed,changed,Exact Sales Submit enabling rule and handling of unpaid dues are UNKNOWN (Q-UI-08); assumed: enabled when every record is acknowledged and the counts match; dues only warn.,,,android-sr-b,T1
F-SR-036,Summary and summary print,BUILD,SR,android-sr,M,4,3,F-SR-028,"Summary shows per-SKU memo count, quantity, value, discount, discounted value and return, per-category totals and the grand total (4,391.00 for the seeded day) and prints as the day-summary slip",parity,parity,"Whether the Return column is acknowledged by the distributor is UNKNOWN (Q-UI-10); assumed: printout only, closing stock stored per SKU per day.",,,android-sr-b,T2
F-SR-037,Outlet request: new shop,BUILD,SR,android-sr,M,3,3,F-SYS-010;F-SR-079,"New shop takes cluster, name, owner, 11-digit mobile and GEO and photo, saves offline with no confirmation and shows the success text and the pending state",changed,changed,,,,android-sr-a,T2
F-SR-038,Outlet request: permanently closed,BUILD,SR,android-sr,S,4,3,F-SYS-008,"Permanently closed shows read-only fields, asks 'this shop will be permanently closed', queues the request and warns about open dues",parity,parity,,,,android-sr-a,T2
F-SR-039,Outlet request: info change,BUILD,SR,android-sr,M,3,3,F-SR-079;F-SYS-010,"Information change edits name, owner and mobile, requires the GEO and photo capture, confirms and queues the request offline",parity,parity,,,,android-sr-a,T2
F-SR-040,Own-request status,BUILD,SR,android-sr,S,4,3,F-SR-037,"The SR's own requests show pending, verified, approved or rejected and a rejected one shows its reason; checked on the Galaxy A06 against the seeded day, in Bangla and in English, and the state survives a kill and relaunch",new-required,new,,,,android-sr-a,T2
F-SR-041,Astha: route information,DEFERRED,SR,android-sr,M,5,5,F-API-021a,"Astha route information shows year, quarter and month chips with STD target per brand (target, achievement, remaining, percent) and one All Brand memo row; a target of 0 shows a dash",parity,parity,,,"Deferred 2026-10-06 by sponsor: target, loyalty and discount/promotion programmes wait for the business rules (docs/27)",,
F-SR-042,Astha: shop information,DEFERRED,SR,android-sr,M,5,5,F-SR-041,Astha shop information lists Astha retailer cards and the outlet view shows STD target per brand without Remaining and the memo target,parity,parity,,,"Deferred 2026-10-06 by sponsor: target, loyalty and discount/promotion programmes wait for the business rules (docs/27)",,
F-SR-043,Diamond League redemption,DEFERRED,SR,android-sr,L,5,5,F-SYS-061;F-SR-055,"Diamond League redemption shows the live Pts Remaining, a gift grid with disabled plus when cost exceeds the balance, one confirm redeems the basket and the points deduct once even if the upload is replayed",parity,parity,,,"Deferred 2026-10-06 by sponsor: target, loyalty and discount/promotion programmes wait for the business rules (docs/27)",,
F-SR-044,Photo Capture: Astha gift photo,DEFERRED,SR,android-sr,M,5,5,F-SYS-010;F-SR-079,"Astha gift photo lists outlets with a chosen gift, takes one hand-over photo, shows 'saved' and then 'Photo already captured' with Submit hidden",parity,parity,,,"Deferred 2026-10-06 by sponsor: target, loyalty and discount/promotion programmes wait for the business rules (docs/27)",,
F-SR-045,Photo Capture: campaign gift verify,DEFERRED,SR,android-sr,M,5,5,F-SR-044,"Campaign gift verify shows one capture slot per redeemed gift and enables Submit only when every slot has a photo; checked on the Galaxy A06 against the seeded day, in Bangla and in English, and the state survives a kill and relaunch",parity,parity,,,"Deferred 2026-10-06 by sponsor: target, loyalty and discount/promotion programmes wait for the business rules (docs/27)",,
F-SR-046,Task list and badge,BUILD,SR,android-sr,S,3,3,F-API-026,"Tasks assigned by an AMO or TSO appear with type, outlet, text, completion date and status (ongoing or completed), resolved tasks stay and the badge equals the open count; the empty state reads 'your AMO has not assigned any task' with a synced-at time",parity,parity,,,,android-sr-a,T2
F-SR-047,Task resolve (swipe),BUILD,SR,android-sr,S,3,3,F-SR-046,"Swiping a task and tapping Resolve sets it completed offline and queues it with a client uuid; checked on the Galaxy A06 against the seeded day, in Bangla and in English, and the state survives a kill and relaunch",parity,parity,,,,android-sr-a,T2
F-SR-048,Tutorial video list,BUILD,SR,android-sr,S,5,5,F-API-027,"The tutorial list shows from cache with the empty-state text, playback is online only and never autoplays or downloads in the background",parity,parity,,,,android-sr-a,T2
F-SR-049,Outlet detail card,BUILD,SR,android-sr,S,5,3,F-SR-016,"The outlet card shows name, owner, phone, cluster, channel, open dues, loyalty points and last visit from the local data",new-required,new,,TRIM (docs/27): no loyalty points field,,android-sr-a,T2
F-SR-050,Current stock tracker,BUILD,SR,android-sr,S,2,2,F-SR-014,"Current stock per SKU equals issued minus sold minus returned after every sale, computed locally, and feeds the KPI strip, the Summary return and the stock warning",new-required,new,,,,android-sr-b,T2
F-SR-051,End-of-day stock return and reconciliation,DROP,SR,,,,,,,,new,,,New workflow with an unanswered owner (Q41); the Summary Return column and printout (F-SR-036) stay.,,
F-SR-052,Cash deposit and distributor settlement,DROP,SR,,,,,,,,new,,,New workflow with an unanswered owner (Q41); not in any manual or screenshot.,,
F-SR-053,Returns and damaged goods after QC,BUILD,SR,android-sr,S,4,3,F-SR-027;F-SR-050,Faulty sticks collected at QC leave the SR's stock as a qc_return movement so Current stock and the Summary Return column stay correct,new-required,new,,,,android-sr-b,T2
F-SR-054,Sale History,BUILD,SR,android-sr,M,3,3,F-API-025;F-SR-017,"Sale History shows an outlet's sales by date from the local 7-day window, falls back to GET /memos with an offline banner, and the footer equals the exact sum of the rows",parity,parity,,,,android-sr-b,T2
F-SR-055,Outlet Points,DEFERRED,SR,android-sr,S,5,5,F-API-005,"Outlet Points shows the league label, balance, expiring points and expiry date as of the previous day and links to redemption",parity,parity,,,"Deferred 2026-10-06 by sponsor: target, loyalty and discount/promotion programmes wait for the business rules (docs/27)",,
F-SR-056,SKU-wise Target and Achievement,DEFERRED,SR,android-sr,M,3,3,F-API-005;N-003,"SKU Details shows Target, Achieved, Remaining, percent, ADS, TADS, PADS and RADS from local data; with the April 2026 fixture (14 elapsed, 11 remaining) a target of 500 gives TADS 36 and RADS 45, 900 gives 64 and 82, and a zero target shows a dash",parity,parity,,,"Deferred 2026-10-06 by sponsor: target, loyalty and discount/promotion programmes wait for the business rules (docs/27)",,
F-SR-057,Visit outcome and skip record,BUILD,SR,android-sr,M,3,3,F-SR-017,"Every visit ends with an outcome (sold, zero sale, closed, owner absent, refused, competitor exclusive, not reached, abandoned); a skip needs no fix; abandoned visits are excluded from visited; three consecutive closed outcomes raise a task to the AMO",new-required,new,,,,android-sr-b,T2
F-SR-058,Memo void after print,DROP,SR,,,,,,,,new,,,"Improvement, Apsis cancel is unknown (Q43); corrections stay covered by Sale edit (F-SR-033).",,
F-SR-059,Field-side day exception,DROP,SR,,,,,,,,new,,,Approval workflow not in any manual or screenshot; holidays stay in the working-day calendar (F-ADM-033).,,
F-SR-060,Start-call confirmation prompt,BUILD,SR,android-sr,S,2,2,N-016;N-023,After the geo gate the prompt 'start the call?' appears; No returns to the list without counting a visit and Yes starts the call,parity,parity,,,,android-sr-b,T2
F-SR-061,Price compliance capture,DROP,SR,,,,,,,,new,,,Disabled in the SR flavour by default; the shared component is built once for the AMO (F-AMO-035).,,
F-SR-062,Free sample capture,DROP,SR,,,,,,,,new,,,Not in any manual or screenshot (G-feat-23); the Free Sample report (F-WEB-026) still reads the is_free lines that DRP rewards create.,,
F-SR-063,Offline day start and stale-bundle banner,BUILD,SR,android-sr,M,4,3,F-SYS-006,"With no signal at day open a 1-day-old bundle sells with a banner and flags rows bundle_stale, a 3-day-old bundle shows memos and dues read-only, and check-in still works in both cases",new-required,new,,,,android-sr-a,T2
F-SR-064,Device-health line on Home,BUILD,SR,android-sr,S,5,5,N-023,"Home shows battery, free storage, pending rows and last sync with warning thresholds, and the values match the device",new-required,new,,,,android-sr-a,T2
F-SR-065,Route picker for an SR with several routes,BUILD,SR,android-sr,S,3,3,N-017;F-SR-016,"With two routes planned for the date the SR picks the route, one bundle serves both and the header names the route in use",new-required,new,,,,android-sr-a,T2
F-SR-066,Reprint duplicate marker and edited-memo number,BUILD,SR,android-print,S,3,3,F-SR-031,"A reprint prints the duplicate marker, and an edited memo prints 'supersedes <memo no>' and has its own number from the same series",new-required,new,,,,android-print,T1
F-SR-067,Sales Journey tile,BUILD,SR,android-sr,M,4,3,F-SR-016;F-SR-057,"The Sales Journey tile opens a route-progress view (assumed) listing today's planned outlets with visited, not-visited and sold status and counts equal to the KPI strip",screenshot,parity,Sales Journey tile behaviour UNKNOWN (UI-SR-01); assumed: route-progress view of today's planned outlets.,,,android-sr-b,T2
F-SR-068,KPI tile,BUILD,SR,android-sr,M,3,3,F-SR-056;F-SR-010,The KPI tile opens target versus achievement by category (assumed) from the same values as the Home strip and the SKU target screen,screenshot,parity,KPI tile behaviour UNKNOWN (UI-SR-02); assumed: target versus achievement by category fed by the KPI registry.,"TRIM (docs/27): KPI tile shows sales only, no target",,android-sr-b,T2
F-SR-069,Home money summary cards,BUILD,SR,android-sr,M,4,3,F-SR-025;N-003,"The two Home money cards show per-category value, gross, discount, QC and net, and total discount, DRP discount, total QC, grand total and total taka; the seeded day gives 4,828.50, 437.50 and 4,391.00 with one Bangla label per term",screenshot,parity,,,,android-sr-b,T2
F-SR-070,Due receipt print,DROP,SR,,,,,,,,new,,,"Improvement, Apsis prints no receipt for a collection (Q47); not in any manual or screenshot.",,
F-SR-071,Due dispute capture,DROP,SR,,,,,,,,new,,,Dispute workflow with AMO task and finance queue; process feature not seen in any manual or screenshot.,,
F-SR-072,Identity confirmation on a shared phone,BUILD,SR,android-sr,S,4,3,F-SYS-052,The first capture of a business date on a phone with two bound users asks 'are you <name> (<code>)?' and a different assignee is stored as acting_for_user_id,new-required,new,,,,android-sr-a,T2
F-SR-073,"Print confirmation ""ছাপা ঠিক আছে?""",BUILD,SR,android-print,S,3,3,F-SR-028,After each print one tap confirms the paper is readable; No marks the job failed_user and the next print has no duplicate marker and does not count toward the reprint limit,new-required,new,,,,android-print,T1
F-SR-074,Sort outlets by distance,BUILD,SR,android-sr,S,6,6,F-SR-017,"With a fix available the picker sorts by distance to the SR, and with the setting off the order is unchanged; checked on the Galaxy A06 against the seeded day, in Bangla and in English, and the state survives a kill and relaunch",sponsor,new,,,,android-sr-a,T2
F-SR-075,Outlet eligibility dots,DEFERRED,SR,android-sr,S,3,3,F-SR-016,Four dots are drawn before each outlet from the bundle flags and the legend comes from cfg.ui.outlet_badges; a dot is filled when eligible and outlined when not,parity,parity,"Dot colours and their programmes UNKNOWN (UI-SR-22); assumed: red, green and magenta are promotion groups 1 to 3 and the emblem is Astha, legend editable in the portal.",,"Deferred 2026-10-06 by sponsor: target, loyalty and discount/promotion programmes wait for the business rules (docs/27)",,
F-SR-076,Outlet missing from my route request,BUILD,SR,android-sr,S,3,3,F-SR-039,"A request of type 'add this existing outlet to my route or cluster' queues offline and is verified by the AMO; checked on the Galaxy A06 against the seeded day, in Bangla and in English, and the state survives a kill and relaunch",new-required,new,,,,android-sr-a,T2
F-SR-077,Support code on blocking screens,DROP,SR,,,,,,,,new,,,Support-desk tool whose decoder page is a support function.,,
F-SR-078,Sell to a not-yet-approved outlet,DROP,SR,,,,,,,,new,,,Improvement not seen in any manual or screenshot; the current app sells only after approval.,,
F-SR-079,GEO and photo capture component,BUILD,SR,android-sr,M,3,3,F-SYS-030;N-021,"The shared capture screen takes one fix at the shutter with the mock flag, shows the thumbnail and 'GEO captured +/- n m', allows one retake and compresses the photo",changed,changed,,,,android-sr-a,T2
F-SR-080,Day reopen after a submit void,DROP,SR,,,,,,,,new,,,Submit void is a round-3 addition not in any manual; a sale after Sales Submit is accepted and flagged (D-64).,,
F-SR-081,"Stock ""correct total""",BUILD,SR,android-sr,S,3,3,F-SR-014,"The Stock correct-total path takes the right total and a reason and posts a signed adjustment movement, never an overwrite",new-required,new,,,,android-sr-b,T2
F-AMO-001,Home header and tile grid,BUILD,AMO,android-amo,M,4,5,F-AMO-044;F-SYS-006,"The AMO home shows the header, the tile set resolved for the user (17 for a full AMO, 13 for an SS user) and a badge on Outlet only when pending SR verification requests are above zero",changed,changed,,,,android-amo,T2
F-AMO-002,Home KPI tiles (month to date),BUILD,AMO,android-amo,S,5,5,F-API-018,"The four month-to-date tiles (today's target, total call target, control-call target, joint-call target) show values from /app/home and are display-only",parity,parity,,TRIM (docs/27): tiles show call counts only if they need no target engine; target tiles hidden,,android-amo,T2
F-AMO-003,Attendance (press-and-hold),BUILD,AMO,android-amo,S,4,5,F-SR-011,"AMO check-in and check-out behave as the SR's (address, hold-to-confirm, four states, check-out from 17:00, coordinates offline)",parity,parity,,,,android-amo,T2
F-AMO-004,"Control Call: route, outlet, geo gate",BUILD,AMO,android-amo,M,5,5,F-SR-017;F-AMO-044,"A Control Call picks route and retailer from the zone-wide list, checks the radius in airplane mode, shows the AMO out-of-range text with Manual Override and Refresh, and records visit kind amo_control_call",parity,parity,,,,android-amo,T2
F-AMO-005,Manual Override (outlet photo),BUILD,AMO,android-amo,S,4,5,F-SR-018,"Manual Override takes an outlet photo, raises a location-change request, lets the call proceed and is capped per day",changed,changed,,,,android-amo,T2
F-AMO-006,Control Call: Sale,BUILD,AMO,android-amo,M,5,5,F-SR-025;F-SR-028;F-AMO-004,"A control-call sale uses the SR sale flow against the AMO's own stock, is stored as kind amo_control_call and counts in route STD but not in the SR strike rate",parity,parity,,,,android-amo,T2
F-AMO-007,SR Perf. Assessment: distribution,BUILD,AMO,android-amo,S,5,5,F-AMO-004,"SR Performance Assessment lists the 15 brands, a tick writes one distribution_check row per brand; checked on the Galaxy A06 against the seeded zone, in Bangla and in English",parity,parity,,,,android-amo,T2
F-AMO-008,SR Perf. Assessment: OOS,BUILD,AMO,android-amo,S,5,5,F-AMO-007,"OOS can be ticked only for brands ticked as distributed; checked on the Galaxy A06 against the seeded zone, in Bangla and in English",parity,parity,,,,android-amo,T2
F-AMO-009,SR Perf. Assessment: POSM,BUILD,AMO,android-amo,S,5,5,F-AMO-007,"POSM is tri-state (unanswered, yes, no), Save shows the saved message and returns to the outlet picker with the route kept",parity,parity,,,,android-amo,T2
F-AMO-010,Control Call: Survey,BUILD,AMO,android-amo,S,6,6,F-AMO-043,"The Control Call menu Survey entry opens the AMO survey; checked on the Galaxy A06 against the seeded zone, in Bangla and in English",parity,parity,,,,android-amo,T2
F-AMO-011,Joint Call assessment,BUILD,AMO,android-amo,M,5,5,F-AMO-004,"Joint Call shows the route's assigned SR read-only, takes 1 to 5 stars for the three known items and relationship and service quality, saves with the saved message and keeps route and retailer",parity,parity,"Joint Call rubric items 4 and 5 are UNKNOWN (G-man-051); assumed: three known items plus two disabled placeholders, star 1 preselected.",,,android-amo,T2
F-AMO-012,AMO Sale tile (standalone),BUILD,AMO,android-amo,S,5,5,F-AMO-006,The standalone Sale tile opens the same geo-gated route and retailer path with Sale preselected and there is no un-gated AMO sale,parity,parity,,,,android-amo,T2
F-AMO-013,View previous sale data (date picker),BUILD,AMO,android-amo,S,4,5,F-SR-054,View previous sale data shows an outlet and date aggregate from the local window with a GET /memos fallback and an exact footer total,parity,parity,,,,android-amo,T2
F-AMO-014,"Memo menu: Print, Edit, Mark paid",BUILD,AMO,android-amo,M,4,5,F-SR-030;F-SR-032,"The AMO Memo menu prints, edits and marks paid as the SR's does with the credit-memo and cash-memo layouts, and the due label covers the AMO's own credit memos only",parity,parity,,,,android-amo,T2
F-AMO-015,Summary and print,BUILD,AMO,android-amo,S,4,5,F-SR-036,"The AMO Summary shows the whole-day table per SKU plus Total, Discount and Grand total and prints; checked on the Galaxy A06 against the seeded zone, in Bangla and in English",parity,parity,,,,android-amo,T2
F-AMO-016,Team Location map,BUILD,AMO,android-amo,M,5,5,N-053;F-API-023,"Team Location lists the SRs then shows a pin per SR with 'last seen HH:MM (n min ago)' and its source, greyed after 120 minutes, with a list fallback offline",changed,changed,,,,android-amo,T2
F-AMO-017,Team Performance,BUILD,AMO,android-amo,M,5,5,F-API-018;F-API-021a,"Team Performance shows Monthly and Till Date tabs, a zone card and a card per route with four category bars (green from 80, amber from 40, red below) and a brand table behind Details",parity,parity,,,,android-amo,T2
F-AMO-018,Task Delegation: assigned list,BUILD,AMO,android-amo,S,4,5,F-API-026,"The Assigned Tasks tab lists outlet, text, status and completion date with resolutions; checked on the Galaxy A06 against the seeded zone, in Bangla and in English",parity,parity,,,,android-amo,T2
F-AMO-019,Task Delegation: assign (+),BUILD,AMO,android-amo,M,4,5,F-API-026;N-037,"Assign Task picks route or section and outlet, shows the read-only outlet card, takes task type, date and description, saves with the success toast, and the assigned SR gets the task and a push",parity,parity,,,,android-amo,T2
F-AMO-020,Live Dashboard (zone),BUILD,AMO,android-amo,M,5,5,F-API-016,"Live Dashboard filters by zone and route on an explicit Filter press and shows sales, live strike rate (1 of 81 is 1.23 percent), geo-fencing status and login and submit status with an as-of stamp",parity,parity,,,,android-amo,T2
F-AMO-021,SR Stock,BUILD,AMO,android-amo,S,5,5,F-API-024,"SR Stock lists SRs with masked phones and shows each SR's lifted stock by SKU for today with per-category totals; checked on the Galaxy A06 against the seeded zone, in Bangla and in English",parity,parity,,,,android-amo,T2
F-AMO-022,Verify: new outlet,BUILD,AMO,android-amo,M,5,5,F-API-055;F-SR-037,Verifying a new outlet opens the pending list and the form with route and cluster editable and sub-channel and geo class required; Save marks it verified and Cancel makes no server call,changed,changed,,,,android-amo,T2
F-AMO-023,Verify: outlet closure,BUILD,AMO,android-amo,S,4,5,F-API-055;F-SR-038,"Closure verification shows the read-only request with balance and points and Save marks it verified; checked on the Galaxy A06 against the seeded zone, in Bangla and in English",parity,parity,,,,android-amo,T2
F-AMO-024,Verify: info change,BUILD,AMO,android-amo,M,4,5,F-API-055;F-SR-039,"Info-change verification shows the old versus new fields and Save marks the request verified; checked on the Galaxy A06 against the seeded zone, in Bangla and in English",parity,parity,,,,android-amo,T2
F-AMO-025,AMO own: New shop,BUILD,AMO,android-amo,S,4,5,F-SR-037,"The AMO's own New shop request goes to the web approver without an AMO verification step; checked on the Galaxy A06 against the seeded zone, in Bangla and in English",parity,parity,,,,android-amo,T2
F-AMO-026,AMO own: Permanent close,BUILD,AMO,android-amo,S,4,5,F-SR-038,"The AMO's own permanent-close request confirms, queues and warns about open dues; checked on the Galaxy A06 against the seeded zone, in Bangla and in English",parity,parity,,,,android-amo,T2
F-AMO-027,AMO own: Info change,BUILD,AMO,android-amo,S,4,5,F-SR-039,"The AMO's own info-change request edits the fields, captures GEO and photo, confirms and queues; checked on the Galaxy A06 against the seeded zone, in Bangla and in English",parity,parity,,,,android-amo,T2
F-AMO-028,Update Base (location recalibration),BUILD,AMO,android-amo,M,4,5,N-053;F-SR-079,"Update Base confirms, takes a photo, lets the AMO pick the exact point on the map and routes the change through approval with the 100 m, move-limit and no-mock guards; offline it falls back to the current fix",changed,changed,,,,android-amo,T2
F-AMO-029,AMO stock load and stock memo,BUILD,AMO,android-amo,S,4,5,F-SR-014,"The AMO stock screen has Issue and Stock columns, category totals and Save and Print with the same re-save rule as the SR",parity,parity,,,,android-amo,T2
F-AMO-030,AMO Sales Submit (extended reconciliation),BUILD,AMO,android-amo,M,4,5,F-SR-035;F-AMO-039,"The AMO Sales Submit shows the reconciliation rows (outlet, sale, stock, QC, promotion, distribution and OOS, price compliance, joint call, survey), warns about unpaid dues and writes supervisor_day",changed,changed,,,,android-amo,T1
F-AMO-031,Astha with route selector,DEFERRED,AMO,android-amo,S,6,6,F-SR-041,"AMO Astha has a route dropdown and the outlet view shows one All Brand memo row; checked on the Galaxy A06 against the seeded zone, in Bangla and in English",parity,parity,,,"Deferred 2026-10-06 by sponsor: target, loyalty and discount/promotion programmes wait for the business rules (docs/27)",,
F-AMO-032,Report: STD Memo Report,BUILD,AMO,android-amo,S,5,5,F-API-017b,The STD Memo Report defaults from the first of the month to yesterday with a frozen first column and per-route STD by category and memo count,parity,parity,,,,android-amo,T2
F-AMO-033,Report: Sales summary up to now,BUILD,AMO,android-amo,S,5,5,F-API-017b,Sales Summary Up To Now shows route cards with CPR and total memos and a brand table per route; a zero target shows a dash,parity,parity,,,,android-amo,T2
F-AMO-034,Settings,BUILD,AMO,android-amo,S,5,5,F-SYS-019;F-SYS-021,"AMO Settings has language, PDA to Support and Log Out; checked on the Galaxy A06 against the seeded zone, in Bangla and in English",parity,parity,,,,android-amo,T2
F-AMO-035,Price compliance check,BUILD,AMO,android-amo,M,5,5,F-AMO-004,Price compliance records the observed shelf price per SKU at a control call against the outlet list and counts in the reconciliation row,manual,new,Price compliance fields are UNKNOWN (G-feat-01); assumed: observed price per SKU compared with the outlet list within a tolerance.,,,android-amo,T2
F-AMO-036,Visit kind tagging,BUILD,AMO,android-amo,S,5,5,F-AMO-004,"Every AMO outlet open is tagged control or joint so the SR strike rate excludes AMO calls; checked on the Galaxy A06 against the seeded zone, in Bangla and in English",new-required,new,,,,android-amo,T2
F-AMO-037,Same-day cover assignment,DROP,AMO,,,,,,,,new,,,Cover workflow not in any manual or screenshot; route assignment with dates (F-ADM-003) covers a substitute.,,
F-AMO-038,Exceptions screen,BUILD,AMO,android-amo,M,4,5,F-SYS-057,"The Exceptions screen lists today's fraud and anomaly signals for the zone (geo, mock, teleport) and review, dismiss and confirm work offline as idempotent events",sponsor,new,,,,android-amo,T2
F-AMO-039,Supervisor day state,BUILD,AMO,backend,S,4,5,F-SYS-016,An AMO Sales Submit writes supervisor_day for the user and date and does not flip any SR route_day; the same request replayed changes nothing and the response matches the contract,new-required,new,,,,backend-reports,T1
F-AMO-040,SS designation and per-user menu variants,BUILD,AMO,android-amo,S,4,5,F-AMO-001,Team Performance and SR Stock appear only when the AMO has subordinate SRs in scope and Astha only when Astha outlets are in scope,parity,parity,Meaning of the SS designation is UNKNOWN (MQ-19); assumed: a supervisor-tier user shown the reduced 13-tile set.,,,android-amo,T2
F-AMO-041,Acting-for sale,DROP,AMO,,,,,,,,new,,,Cover workflow not in any manual or screenshot.,,
F-AMO-042,Distribution-house confirmation proxy,DROP,AMO,,,,,,,,new,,,"Part of the distributor settlement workflow, owner unanswered (Q41).",,
F-AMO-043,AMO Survey screen,BUILD,AMO,android-amo,S,6,6,F-AMO-004,"The AMO Survey form reuses the SR survey component, is counted in the reconciliation row and earns no points; checked on the Galaxy A06 against the seeded zone, in Bangla and in English",parity,parity,"AMO Survey screen is UNKNOWN (G-man-044); assumed: the SR POSM survey component without points, behind a flag.",,,android-amo,T2
F-AMO-044,Zone-wide AMO bundle,BUILD,AMO,backend,M,4,4,F-API-005,"The AMO bundle for a 54-route zone (3,500 to 11,000 outlets) downloads in pages of at most 2,000 rows each under 2 MB gzip and a delta returns only changed rows",parity,parity,,,,backend-reports,T2
F-AMO-045,Zone day exception,DROP,AMO,,,,,,,,new,,,Day-exception approval workflow not in any manual or screenshot.,,
F-AMO-046,Joint-call QR verification,DROP,AMO,,,,,,,,new,,,Improvement not in any manual or screenshot.,,
F-AMO-047,Bulk mark absent,DROP,AMO,,,,,,,,new,,,Day-exception workflow not in any manual or screenshot.,,
F-AMO-048,Approve consistent location proposals,DROP,AMO,,,,,,,,new,,,Convenience over the outlet approval panel (F-WEB-032).,,
F-AMO-049,"AMO stock ""correct total""",BUILD,AMO,android-amo,S,4,5,F-SR-081,"The AMO stock screen has the same correct-total path as the SR's; checked on the Galaxy A06 against the seeded zone, in Bangla and in English",new-required,new,,,,android-amo,T2
F-TSO-001,Login (dark theme) and logout,BUILD,TSO,android-tso,S,4,5,F-SYS-001,"The TSO app shows the dark navy login and a Log Out dialog that wipes local data only on a fully reconciled device; checked on the Galaxy A06 against the seeded zone, in Bangla and in English",changed,changed,,,,android-tso,T1
F-TSO-002,Dashboard: sales by category and achievement,BUILD,TSO,android-tso,M,5,5,F-API-016;F-TSO-027,"The Dashboard shows four sales tiles (cigarette sticks, bidi, lighter in boxes, match in dozens) with one decimal and a ring for achievement against the day target",parity,parity,,TRIM (docs/27): no achievement ring,,android-tso,T2
F-TSO-003,Dashboard: By Channel STD,BUILD,TSO,android-tso,S,5,5,F-TSO-002,"The By Channel STD donut shows STD per channel (GT, DCC, Astha, RCC, MT, HoReCa); checked on the Galaxy A06 against the seeded zone, in Bangla and in English",parity,parity,,,,android-tso,T2
F-TSO-004,Dashboard: CPR card,BUILD,TSO,android-tso,S,5,5,F-TSO-002,"The CPR card shows target outlet, successful calls and strike rate (2 of 44 is 4.5 percent); checked on the Galaxy A06 against the seeded zone, in Bangla and in English",parity,parity,,TRIM (docs/27): no target-based figures; strike rate from calls only,,android-tso,T2
F-TSO-005,Dashboard: By Segment Value Contribution,BUILD,TSO,android-tso,S,5,5,F-TSO-002,"By Segment Value Contribution shows value versus volume per segment using net value; checked on the Galaxy A06 against the seeded zone, in Bangla and in English",parity,parity,,,,android-tso,T2
F-TSO-006,Dashboard: By Brand Call/Memo Ratio,BUILD,TSO,android-tso,S,5,5,F-TSO-002,"By Brand Call/Memo Ratio shows memos containing the brand over total active memos per brand; checked on the Galaxy A06 against the seeded zone, in Bangla and in English",parity,parity,,,,android-tso,T2
F-TSO-007,Dashboard: Login and Bikroy Joma status with drill-downs,BUILD,TSO,android-tso,M,5,5,F-API-016;F-TSO-002,"Login Status (1 of 4 is 25 percent) and Bikroy Joma Status with the Not Logged In and Not Uploaded lists show the right (user, route) pairs for the seeded day",parity,parity,,,,android-tso,T1
F-TSO-008,Leave: list,BUILD,TSO,android-tso,S,4,5,F-API-022,"Leave list cards show dates, reason, days and a status badge naming the approver role; checked on the Galaxy A06 against the seeded zone, in Bangla and in English",parity,parity,,,,android-tso,T2
F-TSO-009,Leave: apply,BUILD,TSO,android-tso,S,5,5,F-API-022,"Leave apply takes type, date, days and reason, queues with a client uuid and shows 'not sent yet' until acknowledged",parity,parity,,,,android-tso,T2
F-TSO-010,Final Submit (per zone per day),BUILD,TSO,android-tso,M,5,5,F-API-039;F-API-009,"Final Submit takes the five dropdowns from server scope, Get Sales Data shows the already-submitted alert for a repeat, lists routes with FF name or 'SR Not Set', asks an explicit confirm and submits once per zone and day; it is disabled offline",parity,parity,,,,android-tso,T1
F-TSO-011,My Periphery: My Team map,BUILD,TSO,android-tso,M,5,5,N-053;F-API-023,"My Team shows a map of the SRs' last synced fixes with age and source, grouped by route with a legend, with a list fallback offline",changed,changed,,,,android-tso,T2
F-TSO-012,My Periphery: Retailer radius map,BUILD,TSO,android-tso,M,4,5,N-053;F-API-019,"The Retailer radius map takes zone and radius (50, 100 or 300 m) around one fix and shows capped, clustered markers; phone numbers only for roles allowed PII",parity,parity,,,,android-tso,T2
F-TSO-013,My Call: Set Plan,BUILD,TSO,android-tso,M,5,5,F-API-020,"Set Plan takes date, zone and route, multi-selects outlets and saves a union by outlet idempotently; checked on the Galaxy A06 against the seeded zone, in Bangla and in English",parity,parity,,,,android-tso,T2
F-TSO-014,My Call: My Visit Plan,BUILD,TSO,android-tso,S,5,5,F-API-020,"My Visit Plan shows Pending and Completed tabs and an outlet becomes Completed when its Visit Query is submitted; checked on the Galaxy A06 against the seeded zone, in Bangla and in English",parity,parity,,,,android-tso,T2
F-TSO-015,Visit Query (retailer questionnaire),BUILD,TSO,android-tso,S,5,5,F-TSO-014,Visit Query shows the two printed questions and the delegate radio defaulting to No and Submit marks the outlet Completed without GPS or photo,parity,parity,,,,android-tso,T2
F-TSO-016,Assign Task from visit,BUILD,TSO,android-tso,S,5,5,F-API-026;F-TSO-015,"Assign Task from a visit needs a task type and date, assigns the SR active on that route and is blocked with a message when the route shows SR Not Set",parity,parity,,,,android-tso,T2
F-TSO-017,Target Status,DEFERRED,TSO,android-tso,M,5,5,F-API-021a,"Target Status shows Monthly and Till Date tabs, territory and zone cards with achieved over target and percent, and item tables; 3944 gives a till-date target of 3420",parity,parity,,,"Deferred 2026-10-06 by sponsor: target, loyalty and discount/promotion programmes wait for the business rules (docs/27)",,
F-TSO-018,My Feedback,BUILD,TSO,android-tso,S,4,5,F-API-032;F-SYS-010,"My Feedback takes category, title, description and one compressed image and queues offline with success and failure toasts",parity,parity,,,,android-tso,T2
F-TSO-019,Device OTP issuance (as actor),BUILD,TSO,backend,S,4,3,F-SYS-003;F-API-036,An OTP created at an SR's login attempt is stored encrypted and is visible only to the TSO whose scope contains that SR,changed,changed,,,,backend-admin,T2
F-TSO-020,Astha gift choice per outlet,DEFERRED,TSO,web-admin,M,6,6,F-API-021b,"The Astha Gift Choice panel lists route-scoped Astha outlets with a gift dropdown, saves explicitly and locks the choice once the SR's photo exists",parity,parity,,,"Deferred 2026-10-06 by sponsor: target, loyalty and discount/promotion programmes wait for the business rules (docs/27)",,
F-TSO-021,Final Submit preview and read endpoint,BUILD,TSO,android-tso,S,5,5,F-API-039,"The preview read returns salesDate, alreadySubmitted, submittedAt and routes with the FF name and feeds the alert at Get Sales Data",parity,parity,,,,android-tso,T1
F-TSO-022,"SR Device OTP panel (web, view only)",BUILD,TSO,web-admin,M,3,3,F-API-036;N-011,"The SR Device OTP panel filters Wing to Zone, lists every SR of the zone with the 8 manual columns and shows the OTP only to the TSO of that scope; 'No Data' shows for an empty zone",changed,changed,,,,web-config,T2
F-TSO-023,Temporary password reset and unlock,BUILD,TSO,web-admin,S,5,4,F-API-004;F-ADM-007,"A TSO issues a temporary password valid for 24 hours that forces a change and unlocks a locked account in scope, and both actions are audited",new-required,new,,,,web-admin,T1
F-TSO-024,TSO Settings,BUILD,TSO,android-tso,S,5,5,F-SYS-019;F-SYS-021,"TSO Settings offers language, version and update check, send data file and change password; checked on the Galaxy A06 against the seeded zone, in Bangla and in English",new-required,new,,,,android-tso,T2
F-TSO-025,Radius edit or propose,BUILD,TSO,web-admin,S,5,4,F-ADM-039,"A TSO changes the radius for the own territory within bounds or proposes a change for approval, and an increase above 150 m escalates",sponsor,new,,,,web-admin,T2
F-TSO-026,Final-submit delegation and auto-close,DROP,TSO,,,,,,,,new,,,"Off until confirmed (Q45, Q53); not in any manual or screenshot.",,
F-TSO-027,TSO login snapshot and read model,BUILD,TSO,android-tso,M,5,5,F-API-018,"The TSO login snapshot (about 2,500 outlets, under 1 MB gzipped) and the zone, route and outlet pickers load, every aggregate screen shows 'as of hh:mm' and there is no polling timer",new-required,new,,,,android-tso,T1
F-TSO-028,TSO app chrome (parity),BUILD,TSO,android-tso,M,4,5,F-TSO-001,"The TSO chrome has the hamburger, greeting, logout icon, blue Home button, seven drawer entries with subtitles and the date formats of the manual",parity,parity,,,,android-tso,T2
F-TSO-029,My Feedback list,BUILD,TSO,android-tso,S,4,5,F-TSO-018,"My Feedback list shows the TSO's own feedback with title, category, date and status; checked on the Galaxy A06 against the seeded zone, in Bangla and in English",manual,new,,,,android-tso,T2
F-TSO-030,Confirm or perform a submit void,DROP,TSO,,,,,,,,new,,,"Part of the submit-void family, not in any manual or screenshot.",,
F-TSO-031,Approve consistent location proposals,DROP,TSO,,,,,,,,new,,,Convenience over the outlet approval panel (F-WEB-032).,,
F-WEB-001,Dashboard (home),BUILD,WEB,web-dashboard,L,4,4,F-API-014;N-047;F-WEB-041,"The Dashboard loads for a seeded TSO scope without a button press and shows the sales tiles, live strike rate (1 of 43 is 2.3 percent), channel tiles, final-submit status, login and submit status, geo fencing and the FF location map, each with its business date and an as-of stamp; p95 under one second from aggregates",changed,changed,,,,web-dashboard,T2
F-WEB-002,Browse Retailer (list),BUILD,WEB,web-dashboard,M,4,4,F-API-010;F-WEB-041,"Browse Retailer returns the seeded outlets for the five geo filters with the manual's columns, masks PII columns by role and logs every Excel export",parity,parity,,,,web-dashboard,T2
F-WEB-003,Retailer detail and edit,BUILD,WEB,web-admin,M,5,5,F-API-035b;F-SYS-059,"Retailer detail shows the four sections and an edit is audited; editing location, name or owner raises a request unless the editor holds approve rights",parity,parity,,,,web-admin,T2
F-WEB-004,Products: Category,BUILD,WEB,web-dashboard,S,5,4,F-API-035c,"Browse Category lists name, status and sort read-only; the figures equal the control totals of the seeded day and a user outside the scope sees no rows",parity,parity,,,,web-dashboard,T2
F-WEB-005,Products: Segment,BUILD,WEB,web-dashboard,S,4,4,F-API-035c,"Browse Segment lists category, segment, status and sort read-only; the figures equal the control totals of the seeded day and a user outside the scope sees no rows",parity,parity,,,,web-dashboard,T2
F-WEB-006,Products: Brand,BUILD,WEB,web-dashboard,S,5,4,F-API-035c,Browse Brand lists the 17 brands read-only; the figures equal the control totals of the seeded day and a user outside the scope sees no rows,parity,parity,,,,web-dashboard,T2
F-WEB-007,Products: Variant,BUILD,WEB,web-dashboard,S,4,4,F-API-035c,"Browse Variant lists category, segment, brand, variant, status and sort; the figures equal the control totals of the seeded day and a user outside the scope sees no rows",parity,parity,,,,web-dashboard,T2
F-WEB-008,Products: SKU,BUILD,WEB,web-dashboard,S,4,4,F-API-035c,"Browse SKU shows prices to three decimals (7.935) and only the price types the role may see, with Excel export; the figures equal the control totals of the seeded day and a user outside the scope sees no rows",parity,parity,,,,web-dashboard,T2
F-WEB-009,Products: Product Tree,BUILD,WEB,web-dashboard,S,6,4,F-API-035c,Browse Product Tree expands from All Products to Category down to SKU; the figures equal the control totals of the seeded day and a user outside the scope sees no rows,parity,parity,,,,web-dashboard,T2
F-WEB-010,Route Planning: Browse Routes,BUILD,WEB,web-dashboard,S,6,4,F-API-011;F-API-020b,"Browse Routes lists routes with the AMO and SR assigned and route kind, and an AMO route shows SR Not Set as normal",parity,parity,,,,web-dashboard,T2
F-WEB-011,Report: Task Planner,BUILD,WEB,web-dashboard,S,5,5,N-048,Task Planner lists tasks assigned and resolved for the scope and dates equal to the seeded tasks; the figures equal the control totals of the seeded day and a user outside the scope sees no rows,parity,parity,,,,web-dashboard,T2
F-WEB-012,Report: By-Route Geo Capture,BUILD,WEB,web-dashboard,S,5,5,N-048,By-Route Geo Capture lists outlets per route with and without coordinates including placeholders; the figures equal the control totals of the seeded day and a user outside the scope sees no rows,parity,parity,,,,web-dashboard,T2
F-WEB-013,Report: STD Memo Report,BUILD,WEB,web-dashboard,S,6,5,N-048,"STD Memo Report takes the manual's filters and shows STD and memos together or separately, with Get Data and Get Excel",parity,parity,,,,web-dashboard,T2
F-WEB-014,Report: SR Efficiency,BUILD,WEB,web-dashboard,S,5,5,N-048,"SR Efficiency shows target outlets, visited, successful, CPR, STD, memos and geo percent per SR for a date range; the figures equal the control totals of the seeded day and a user outside the scope sees no rows",parity,parity,,,,web-dashboard,T2
F-WEB-015,Report: Route-wise STD,BUILD,WEB,web-dashboard,S,4,5,N-048,Route-wise STD shows route columns then one column per selected SKU for a date range; the figures equal the control totals of the seeded day and a user outside the scope sees no rows,parity,parity,,,,web-dashboard,T2
F-WEB-016,Report: Data Entry Log,BUILD,WEB,web-dashboard,S,5,5,N-051;F-SYS-025,"Data Entry Log shows per route DOWNLOAD and UPLOAD groups with MIN, MAX and count in Dhaka time; the figures equal the control totals of the seeded day and a user outside the scope sees no rows",parity,parity,,,,web-dashboard,T2
F-WEB-017,Report: Final Submit Log,BUILD,WEB,web-dashboard,S,6,5,N-051,Final Submit Log shows per zone Done or Not Done with first and last route submit time and count; the figures equal the control totals of the seeded day and a user outside the scope sees no rows,parity,parity,,,,web-dashboard,T1
F-WEB-018,Report: CPR and BSR,BUILD,WEB,web-dashboard,S,5,5,N-048,CPR and BSR shows route-wise strike rate and brand strike rate with both denominators; the figures equal the control totals of the seeded day and a user outside the scope sees no rows,parity,parity,,,,web-dashboard,T2
F-WEB-019,Report: By Outlet Report,BUILD,WEB,web-dashboard,S,5,5,N-048,"By Outlet Report takes category, product type, status, sub channel and dates and shows per outlet visits, memos, STD and dues with PII gating",parity,parity,,,,web-dashboard,T2
F-WEB-020,Report: Astha Report,DEFERRED,WEB,web-dashboard,S,6,6,N-052,"Astha Report shows per outlet per brand target, achievement, remaining and percent for year, quarter and months; the figures equal the control totals of the seeded day and a user outside the scope sees no rows",parity,parity,,,"Deferred 2026-10-06 by sponsor: target, loyalty and discount/promotion programmes wait for the business rules (docs/27)",,
F-WEB-021,Report: GIGO (attendance),BUILD,WEB,web-dashboard,S,5,5,N-051,GIGO shows check-in and check-out times and coordinates with accuracy and a locality hint per user for one date; the figures equal the control totals of the seeded day and a user outside the scope sees no rows,parity,parity,,,,web-dashboard,T2
F-WEB-022,Report: Campaign Gift Redemption,DEFERRED,WEB,web-dashboard,S,6,6,N-052,"Campaign Gift Redemption lists redemptions, points and the photo-verified flag; the figures equal the control totals of the seeded day and a user outside the scope sees no rows",parity,parity,,,"Deferred 2026-10-06 by sponsor: target, loyalty and discount/promotion programmes wait for the business rules (docs/27)",,
F-WEB-023,Report: Discount Report,DEFERRED,WEB,web-dashboard,S,5,5,N-051,Discount Report shows offer discount and DRP discount separately by promotion group for the scope and dates; the figures equal the control totals of the seeded day and a user outside the scope sees no rows,parity,parity,,,"Deferred 2026-10-06 by sponsor: target, loyalty and discount/promotion programmes wait for the business rules (docs/27)",,
F-WEB-024,Report: By Outlet By Day,BUILD,WEB,web-dashboard,S,6,5,N-048,"By Outlet By Day shows an outlet by day matrix of visited, sold and STD; the figures equal the control totals of the seeded day and a user outside the scope sees no rows",parity,parity,,,,web-dashboard,T2
F-WEB-025,Report: Online/Offline Sales,BUILD,WEB,web-dashboard,S,6,5,N-048,Online/Offline Sales splits memos by whether the device had connectivity at commit; the figures equal the control totals of the seeded day and a user outside the scope sees no rows,parity,parity,,,,web-dashboard,T2
F-WEB-026,Report: Free Sample,BUILD,WEB,web-dashboard,S,6,5,N-051,Free Sample shows free-sample quantities by SKU by route from the is_free lines; the figures equal the control totals of the seeded day and a user outside the scope sees no rows,parity,parity,,,,web-dashboard,T2
F-WEB-027,Report: TSO Top Sheet Performance,BUILD,WEB,web-dashboard,S,5,5,N-051,"TSO Top Sheet Performance shows the territory summary of STD against target, CPR, login and submit and geo percent; the figures equal the control totals of the seeded day and a user outside the scope sees no rows",parity,parity,,,,web-dashboard,T2
F-WEB-028,Report: TSO Daily Tracking Dashboard,BUILD,WEB,web-dashboard,S,6,5,N-051,"TSO Daily Tracking Dashboard buckets routes at 100, 90 to 100, 80 to 90 and below 80 percent; the figures equal the control totals of the seeded day and a user outside the scope sees no rows",parity,parity,,,,web-dashboard,T2
F-WEB-029,Target: Target Allocation Report,DEFERRED,WEB,web-dashboard,S,6,6,N-052,Target Allocation Report shows monthly targets by route and zone for a date and exports to Excel; the figures equal the control totals of the seeded day and a user outside the scope sees no rows,parity,parity,,,"Deferred 2026-10-06 by sponsor: target, loyalty and discount/promotion programmes wait for the business rules (docs/27)",,
F-WEB-030,Target: Target Revise List (approval queue),DEFERRED,WEB,web-admin,M,6,6,F-API-021,"Target Revise List shows the approval queue with month filter, status and an approve or reject action by the approver chain",changed,changed,,,"Deferred 2026-10-06 by sponsor: target, loyalty and discount/promotion programmes wait for the business rules (docs/27)",,
F-WEB-031,Outlet: SR Outlets Reports,BUILD,WEB,web-dashboard,S,5,5,N-051,"SR Outlets Reports lists New Outlets, Close Outlets and Info Changes for a date range with the manual's columns; the figures equal the control totals of the seeded day and a user outside the scope sees no rows",parity,parity,,,,web-dashboard,T2
F-WEB-032,Outlet Approval Panel,BUILD,WEB,web-admin,M,5,5,F-API-055;F-ADM-037,"The Outlet Approval Panel filters New, Close or Info and offers Verify, Reject with a reason and Approve with the confirm dialog; approving a new outlet assigns the code and approving a closure sets it closed",parity,parity,,,,web-admin,T2
F-WEB-033,Credentials: change password,BUILD,WEB,web-dashboard,S,5,4,F-SYS-004,"Credentials shows the password guideline and Old, New and Confirm fields and enforces the policy with authored errors",parity,parity,,,,web-dashboard,T1
F-WEB-034,Astha Gift Choice Report,DEFERRED,WEB,web-dashboard,S,5,6,N-052,Astha Gift Choice Report filters by Gift Status and exports the choices and photo status; the figures equal the control totals of the seeded day and a user outside the scope sees no rows,parity,parity,,,"Deferred 2026-10-06 by sponsor: target, loyalty and discount/promotion programmes wait for the business rules (docs/27)",,
F-WEB-035,Tutorial (manuals),BUILD,WEB,web-dashboard,S,6,5,F-API-027,Tutorial lists the four manuals and videos managed in the portal; a video added in the portal appears here,parity,parity,,,,web-dashboard,T2
F-WEB-036,Performance Leaderboard,BUILD,WEB,web-dashboard,S,6,5,F-API-013,"Performance Leaderboard shows achievement percent by wing to territory by product level for the mtd, target and volume views",parity,parity,,,,web-dashboard,T2
F-WEB-037,Superstar Campaign Report,DEFERRED,WEB,web-dashboard,S,6,6,N-052,"Superstar Campaign Report shows per outlet category, slab, base target and criteria-met flag; the figures equal the control totals of the seeded day and a user outside the scope sees no rows",parity,parity,,,"Deferred 2026-10-06 by sponsor: target, loyalty and discount/promotion programmes wait for the business rules (docs/27)",,
F-WEB-038,Daily Tracking Dashboard,BUILD,WEB,web-dashboard,M,5,5,F-API-015,The Daily Tracking Dashboard shows route buckets with the exception bucket distinct from not logged in and a same-time-yesterday comparator,parity,parity,,,,web-dashboard,T2
F-WEB-039,"Daily Tracking ""take action""",BUILD,WEB,web-dashboard,S,5,5,F-WEB-038,After 17:00 the take-action option stores a note and notifies the route TSO and AMO without reassigning; the note is stored and the route TSO's phone receives the notification,manual,new,,,,web-dashboard,T2
F-WEB-040,Excel export of every report,BUILD,WEB,web-dashboard,M,6,5,F-API-017;F-SYS-064,"Every report offers one Get Excel that runs the same query as the screen, with the formula sanitiser and a watermark sheet",changed,changed,,,,web-dashboard,T2
F-WEB-041,Standard scope filter,BUILD,WEB,web-dashboard,S,4,4,F-SYS-005;N-010,"The five-level scope filter is defaulted and bounded by the token, and the client never sends scope ids; a TSO of another territory cannot select this one",parity,parity,,,,web-dashboard,T2
F-WEB-042,PII gating per role,BUILD,WEB,backend,M,5,5,F-API-010,"SR phones are hidden from the AMO, retailer phones are visible only on route-scoped field screens and NID, TIN and licence columns are envelope-encrypted and role-gated",parity,parity,,,,backend-admin,T1
F-WEB-043,Web login and session,BUILD,WEB,web-dashboard,M,4,4,F-SYS-001;N-010,"Web login takes a case-insensitive User ID and password with show or hide and Remember me off by default, has no forgot-password link, keeps the access token in memory and requires a second step for admin roles",parity,parity,,,,web-dashboard,T1
F-WEB-044,Suspicious-location report,BUILD,WEB,web-dashboard,S,4,4,F-API-034,The suspicious-location report lists flagged visits and routes with a pattern over time and mock counts; the figures equal the control totals of the seeded day and a user outside the scope sees no rows,sponsor,new,,,,web-dashboard,T2
F-WEB-045,Sync-health dashboard (ops),BUILD,WEB,web-dashboard,M,4,4,F-SYS-026;F-API-028,"The sync-health dashboard shows login %, submit %, final-submit by zone, trickle latency, quarantine backlog, config ack % and pending photos with drill from zone to route to device",new-required,new,,,,web-dashboard,T1
F-WEB-046,Leave approval (DMO),BUILD,WEB,web-dashboard,S,6,5,F-API-022,A DMO approves or rejects a TSO's leave and the decision reaches the TSO on the next list refresh; the TSO's leave status changes at the next list refresh,manual,new,,,,web-dashboard,T2
F-WEB-047,Final-submit status panel,BUILD,WEB,web-dashboard,S,6,5,F-API-014,The final-submit panel shows zones submitted versus remaining today with Submit % and Day-completion % and a per-zone badge in the Final Submit picker,parity,parity,,,,web-dashboard,T1
F-WEB-048,Astha Web Entry,DEFERRED,WEB,web-admin,M,6,6,F-API-051,Astha Web Entry shows an outlet by SKU grid for Astha-channel outlets with an explicit Save and flags overlap with app memos instead of adding it,parity,parity,,,"Deferred 2026-10-06 by sponsor: target, loyalty and discount/promotion programmes wait for the business rules (docs/27)",,
F-WEB-049,Loyalty Program: Diamond League Report,DEFERRED,WEB,web-dashboard,S,6,6,N-052,"The Diamond League report shows an outlet-wise points statement (earned, spent, balance, expiring) for a date range",parity,parity,,,"Deferred 2026-10-06 by sponsor: target, loyalty and discount/promotion programmes wait for the business rules (docs/27)",,
F-WEB-050,"Web Entry (Astha-channel outlets are excluded from the classes: Astha quantities are keyed only in Astha Web Entry, rule R-050, D-537, G-qa-67; the Save button is PARITY (manual S-18); the tool is an AGGREGATE entry and cannot restore a credit memo, which is the paper-memo backfill F-ADM-075) (route-day aggregate entry)",BUILD,WEB,web-admin,L,6,5,F-API-050,"Web Entry takes date, geo cascade, classifications and route and a per-SKU grid of Issue, Return, Sale (read-only), Memos and Successful Call at most target outlets; one entry per route-day and a re-save replaces with audit",parity,parity,,"TRIM (docs/27): Astha-channel outlets: plain web entry only, no Astha quantities",,web-config,T1
F-WEB-051,Web Final Submit,BUILD,WEB,web-admin,M,5,5,F-API-009;F-API-048,"Web Final Submit shows the back-date banner and DSS advisory, lists routes with Submit and Delete Section Data (an audited void with reason, only before Final Submit) and applies the same server rule as the app",changed,changed,,,,web-config,T1
F-WEB-052,QC Entry (Market QC),BUILD,WEB,web-admin,M,6,5,F-API-052,"QC Entry takes geo cascade, route and date and a grid of SKU by the five manufacturing and five marketing fault columns saved as a separate web source",parity,parity,,,,web-config,T2
F-WEB-053,DS-RRS Report,BUILD,WEB,web-dashboard,S,6,5,N-051;F-API-053,"DS-RRS offers Get Data, Get Excel and a Print view that shows discount data before Final Submit; the print view equals the screen totals",parity,parity,DS-RRS layout and meaning are UNKNOWN (G-man-093); assumed: a route-day delivery and settlement statement built from the memo and discount facts.,,,web-dashboard,T2
F-WEB-054,AMO Call Report (Supervisory Module),BUILD,WEB,web-dashboard,S,6,5,N-051,"AMO Call Report summarises control calls, joint calls, own sales calls and outlets covered by date or month; the figures equal the control totals of the seeded day and a user outside the scope sees no rows",parity,parity,,,,web-dashboard,T2
F-WEB-055,DSS Report (Sales Summary),BUILD,WEB,web-dashboard,M,6,5,N-051,"DSS shows one row per route with SKU columns and sub-channel summary rows, drills to outlet-wise sales and includes web-entered data within 60 seconds with a data-as-of stamp",parity,parity,,,,web-dashboard,T2
F-WEB-056,Route-wise Memo Report,BUILD,WEB,web-dashboard,S,5,5,N-048,Route-wise Memo Report shows memo counts per route and product for the scope and dates; the figures equal the control totals of the seeded day and a user outside the scope sees no rows,parity,parity,,,,web-dashboard,T2
F-WEB-057,Exceptions page,BUILD,WEB,web-dashboard,S,4,4,F-SYS-057;F-API-034,The Exceptions page lists risk signals with dismissal review and re-sampling and mirrors the AMO screen; the figures equal the control totals of the seeded day and a user outside the scope sees no rows,sponsor,new,,,,web-dashboard,T2
F-WEB-058,Dues ageing report,DROP,WEB,,,,,,,,new,,,Not in any manual or screenshot; By Outlet Report (F-WEB-019) already carries dues and the ledger (F-SYS-060) keeps the buckets.,,
F-WEB-059,Distribution-house settlement view,DROP,WEB,,,,,,,,new,,,"Part of the distributor settlement workflow, owner unanswered (Q41).",,
F-WEB-060,Warehouse QC Entry,BUILD,WEB,web-admin,S,6,5,F-API-052,Warehouse QC Entry takes zone and a single date with the same grid as Market QC; each save adds an audit row with its reason and a user without the role gets 403,parity,parity,,,,web-config,T2
F-WEB-061,QC Report (Market and Warehouse),BUILD,WEB,web-dashboard,S,4,5,N-052,The QC Report shows Market and Warehouse sources separately with Get Excel and Download PDF; the figures equal the control totals of the seeded day and a user outside the scope sees no rows,parity,parity,,,,web-dashboard,T2
F-WEB-062,Route-wise QC Report,BUILD,WEB,web-dashboard,S,6,5,N-052,Route-wise QC Report takes a date range and QC type and exports to Excel; the figures equal the control totals of the seeded day and a user outside the scope sees no rows,parity,parity,,,,web-dashboard,T2
F-WEB-063,Report export log viewer,BUILD,WEB,web-admin,S,6,6,F-SYS-058,"The export log viewer shows who exported which report with which filters, rows and whether PII was included; an export made during the test appears here within a minute",new-required,new,,,,web-config,T2
F-WEB-064,Memo number gap report,BUILD,WEB,web-dashboard,S,6,5,F-SYS-069,The memo-number gap report shows missing sequence numbers per user and day with the sale_abort explanation; the figures equal the control totals of the seeded day and a user outside the scope sees no rows,new-required,new,,,,web-dashboard,T1
F-WEB-065,Day exceptions report,DROP,WEB,,,,,,,,new,,,"Part of the day-exception family, not in any manual or screenshot.",,
F-WEB-066,Visit outcome report,DROP,WEB,,,,,,,,new,,,Analysis report not in any manual or screenshot; outcomes are still captured (F-SR-057).,,
F-WEB-067,Geofence calibration report,BUILD,WEB,web-dashboard,S,6,6,F-API-060,The geofence calibration report shows a distance histogram per geo class and territory from stored fixes with force-sale share,sponsor,new,,,,web-dashboard,T1
F-WEB-068,Date stamp and reason chip on every tile,BUILD,WEB,web-dashboard,S,6,4,F-WEB-001,Every dashboard tile shows its business date and an as-of stamp and a tile that is not live today carries a reason chip,new-required,new,,,,web-dashboard,T2
F-WEB-069,Coverage banner and scope toggle,DROP,WEB,,,,,,,,new,,,Exists only to compare Apsis and Aron during a cutover.,,
F-WEB-070,Wholesale order (bex) pages,DROP,WEB,,,,,,,,new,,,"Reserved and hidden in every menu, no manual or screenshot (PX-01); wholesale marking stays in F-ADM-056.",,
F-WEB-071,Back-margin commission letters,DROP,WEB,,,,,,,,new,,,"Reserved and hidden in every menu, no manual or screenshot (PX-02).",,
F-WEB-072,Voice recording page,DROP,WEB,,,,,,,,new,,,"Reserved and hidden in every menu, no manual or screenshot (PX-03); no microphone permission in any app.",,
F-ADM-001,Geography CRUD,BUILD,ADM,web-admin,S,3,4,F-API-035;N-011,"Wing, division, territory, house, zone and cluster pages create and edit records with unique codes, the zone's extra fields and soft-delete by status, each write audited with a reason",parity,parity,,,,web-admin,T2
F-ADM-002,Route CRUD,BUILD,ADM,web-admin,M,4,4,F-API-035b;N-017,"Route CRUD sets code, name, zone, kind (sr or amo), visit_kind (daily, 3f or 2f) and visit_days, keeps the route name apart from the day label, and a change reaches the next bundle",changed,changed,,,,web-admin,T2
F-ADM-003,"Route assignment (SR, SS, cover)",BUILD,ADM,web-admin,M,4,4,F-API-035b,"Route assignment gives an SR a route with valid_from and valid_to, kind primary or cover, rejects overlapping SRs on one route and day and re-attributes nothing historic",changed,changed,,,,web-admin,T2
F-ADM-004,Product hierarchy CRUD,BUILD,ADM,web-admin,M,5,4,F-API-035c,"Category, segment, brand, variant and SKU CRUD sets status per level, sales_enable, sort, base unit, pack size and type and image, each audited",parity,parity,,,,web-admin,T2
F-ADM-005,"Price management (5 types, effective-dated)",BUILD,ADM,web-admin,M,5,4,F-API-080,"Price management publishes effective-dated prices for the five types stored to three decimals, with a mandatory preview of SKUs, outlets and devices affected, and the change reaches the next bundle",parity,parity,,,,web-admin,T2
F-ADM-006,Sales Plan (zone x SKU),BUILD,ADM,web-admin,M,4,4,F-API-035b,"The Sales Plan page edits a zone's enabled SKUs with the picker tree, saves one zone atomically with audit, can apply to all zones of a territory and an offline phone keeps the old plan with the server flagging sku_not_in_plan",changed,changed,,,,web-admin,T2
F-ADM-007,User CRUD,BUILD,ADM,web-admin,M,4,4,F-API-035b;F-SYS-059,"User CRUD creates and disables users with role, employee code and designation, issues a temporary password with forced change and disabling revokes the device while pending rows still upload",parity,parity,,,,web-admin,T2
F-ADM-008,User scope assignment,BUILD,ADM,web-admin,S,5,4,N-011;F-API-035b,"User scope assignment attaches geography nodes with role-node consistency (AMO zone, TSO territory, DMO division, WM wing) and a temporary acting scope with an end date",parity,parity,,,,web-admin,T2
F-ADM-009,Device management,BUILD,ADM,web-admin,M,4,4,N-045,"Device management lists devices per user with last seen, app version, config version, integrity trust level and printer model, and revoking blocks sync but not local capture",parity,parity,,,,web-config,T2
F-ADM-010,"Outlet CRUD (Retailer, Wholesale outlet)",BUILD,ADM,web-admin,M,5,4,F-API-035b,"Outlet CRUD creates, edits, closes and reopens outlets with kind, status, location_confirmed and PII gating, each audited",changed,changed,,,,web-admin,T2
F-ADM-011,Classification CRUD,BUILD,ADM,web-admin,S,5,4,F-API-035b,"Classification pages edit channel, sub-channel and geo classification as code tables so a business user adds a value without a deployment",parity,parity,,,,web-admin,T2
F-ADM-012,Geofence configuration,BUILD,ADM,backend,L,3,3,F-API-037;N-004;N-005,"The radius resolves at global, wing, division, territory, geo class, zone and outlet with effective dating and bounds 20 to 2,000 m, an outlet override above 3 x the zone value needs an approver, and the value reaches the bundle and delta",changed,changed,,,,backend-admin,T1
F-ADM-013,Operating-parameter console,BUILD,ADM,web-admin,L,4,4,F-API-037;N-011,"The operating-parameter console lists keys by area with typed validation, a risk class, a mandatory reason, an audit row and a reach widget, and a saved change is visible through the config endpoint",sponsor,new,,,,web-config,T2
F-ADM-014,Set Target,DEFERRED,ADM,web-admin,M,6,6,F-API-054;F-API-021,"Set Target takes wing, division, territory and month and a manual route by variant grid or an Excel upload, and every set is a header needing approval with targets at or above 0",changed,changed,,,"Deferred 2026-10-06 by sponsor: target, loyalty and discount/promotion programmes wait for the business rules (docs/27)",,
F-ADM-015,Target revision workflow config,DEFERRED,ADM,web-admin,S,6,6,F-API-021,The approval levels and approvers of target revisions are configurable with default one level; each save adds an audit row with its reason and a user without the role gets 403,changed,changed,,,"Deferred 2026-10-06 by sponsor: target, loyalty and discount/promotion programmes wait for the business rules (docs/27)",,
F-ADM-016,Offer and promotion CRUD,DEFERRED,ADM,web-admin,M,5,4,F-API-035a,"Offer CRUD creates a promotion with bn and en text, validity, qualifying SKU set, ratio and reward SKU, and the next bundle carries it; the seeded offer reproduces 437.50",new-required,new,,,"Deferred 2026-10-06 by sponsor: target, loyalty and discount/promotion programmes wait for the business rules (docs/27)",,
F-ADM-017,Diamond League setup,DROP,ADM,,,,,,,,new,,,A Phase 2 programme portal (docs/23 s1); the SR redemption screens (F-SR-043) read seeded data meanwhile.,,
F-ADM-018,Astha program setup,DROP,ADM,,,,,,,,new,,,A Phase 2 portal (docs/23 s1); the Astha screens read seeded data meanwhile.,,
F-ADM-019,Superstar setup,DROP,ADM,,,,,,,,new,,,A Phase 2 programme portal with unknown rules (D-332).,,
F-ADM-020,"Survey, questionnaire, rubric and content definitions",BUILD,ADM,web-admin,M,6,5,F-API-035a,"The survey, rubric and content pages edit POSM questions, the joint-call rubric and AV and KV assets with per-outlet assignment and validity, delivered with the next delta",new-required,new,,,,web-admin,T2
F-ADM-021,Task type CRUD,BUILD,ADM,web-admin,S,5,5,F-API-035a,"Task type CRUD edits OOS, General and Irregular Visit with Bangla labels and the types assignable per role; each save adds an audit row with its reason and a user without the role gets 403",parity,parity,,,,web-admin,T2
F-ADM-022,SR Device OTP administration,BUILD,ADM,web-admin,S,3,3,F-TSO-022,"The device OTP administration re-issues an OTP, searches and filters by scope and shows the OTP log, with one active OTP per user",changed,changed,,,,web-config,T2
F-ADM-023,QC fault-type administration,BUILD,ADM,web-admin,S,5,5,F-API-035,QC fault-type administration edits the 11 codes with group MFC or MKT and applies_to app or web; each save adds an audit row with its reason and a user without the role gets 403,new-required,new,,,,web-config,T2
F-ADM-024,Data Entry (web back-office and manual backfill),BUILD,ADM,web-admin,M,6,5,F-API-038;F-WEB-050,"Data Entry groups Web Entry, Final Submit and Astha Web Entry and a dead-phone day can be keyed by printed memo number with source manual, flagged in the Online/Offline report",changed,changed,,TRIM (docs/27): no Astha entry,,web-config,T2
F-ADM-025,Supervisory Module,BUILD,ADM,web-admin,S,6,6,F-API-035,The supervisor target table holds control-call and joint-call targets by AMO and month and feeds the AMO home tiles,changed,changed,,,,web-config,T2
F-ADM-026,Tutorial content management,BUILD,ADM,web-admin,S,6,5,F-API-027,Tutorial content management uploads and lists videos and the four manuals per role; each save adds an audit row with its reason and a user without the role gets 403,parity,parity,,,,web-admin,T2
F-ADM-027,App release management,BUILD,ADM,web-admin,M,4,4,F-API-029,"App release management uploads an APK per ABI with checksum and size gate, publishes it and sets latest, min_version and blocked versions with adoption by version",new-required,new,,,,web-config,T2
F-ADM-028,Feedback inbox,BUILD,ADM,web-admin,S,6,5,F-API-032,The feedback inbox lists TSO feedback by category and status and sets the status; each save adds an audit row with its reason and a user without the role gets 403,new-required,new,,,,web-admin,T2
F-ADM-029,Day reopen and final-submit override,BUILD,ADM,web-admin,S,5,5,F-API-009,An ops admin reopens a final-submitted zone-day with a reason and the action is audited; late syncs after the final are listed,new-required,new,,,,web-config,T1
F-ADM-030,Sync quarantine review,BUILD,ADM,web-admin,M,4,4,F-API-028,"The quarantine review lists parked rows by reason with the payload PII-masked and offers re-map, accept, discard and return to device",new-required,new,,,,web-config,T1
F-ADM-031,Rollout wave and rollback console,DROP,ADM,,,,,,,,new,,,"Cutover waves, outside this build; staged rollout by version stays in F-ADM-027.",,
F-ADM-032,Import and reconciliation console,DROP,ADM,,,,,,,,new,,,"Apsis migration, outside this build.",,
F-ADM-033,Working-day calendar,BUILD,ADM,web-admin,S,3,4,F-API-037,"The working-day calendar sets weekend days (default Friday) and holidays with selling-day flags and drives today's route, Login percent and till-date bases",new-required,new,,,,web-config,T2
F-ADM-034,Admin audit log viewer,BUILD,ADM,web-admin,M,3,4,F-SYS-059,"The audit viewer lists config, master-data and permission changes by actor, key, scope and date with export; a change made in the portal appears in the viewer within a minute with actor, before and after",new-required,new,,,,web-config,T1
F-ADM-035,Loyalty balance adjustment,DROP,ADM,,,,,,,,new,,,Exists to make Apsis day-one balances exact (migration); programme finance tools are Phase 2.,,
F-ADM-036,Dues adjustment and write-off,BUILD,ADM,web-admin,S,6,5,F-SYS-060,A finance adjustment row corrects a disputed due with a reason and an approver (maker-checker) and the outlet balance changes by that amount,new-required,new,,,,web-config,T1
F-ADM-037,Outlet code assignment rule,BUILD,ADM,backend,S,5,5,F-API-055,Approving a new outlet request generates the next outlet code from the sequence rule and an approved outlet never changes code,new-required,new,,,,backend-admin,T2
F-ADM-038,Config page P1: Config home,BUILD,ADM,web-admin,M,4,4,F-ADM-013,"Config home shows the current config version, pending requests, recent changes and the reach widget; the version and the pending count equal the config service at the same moment",sponsor,new,,,,web-config,T2
F-ADM-039,Config page P2: Geofence radius management (map),BUILD,ADM,web-admin,L,4,4,F-ADM-012;N-047,"The geofence page edits the radius at each scope level on a map with density view and what-if on stored fixes, and a saved value reaches the phone at its next sync",sponsor,new,,,,web-config,T1
F-ADM-040,Config page P3: Rules and thresholds console,BUILD,ADM,web-admin,S,4,4,F-ADM-013,"The rules and thresholds console edits check-out time, min_version and the other keys by area with typed validation",sponsor,new,,,,web-config,T2
F-ADM-041,Config page P4: Operational switches,BUILD,ADM,web-admin,S,4,4,F-ADM-013,"Operational switches set a kill switch, read-only, sync hold or banner, each with a mandatory duration and an audit row",sponsor,new,,,,web-config,T2
F-ADM-042,Config page P5: Change requests and approvals,BUILD,ADM,web-admin,M,5,5,F-API-061,"Change requests show a diff and the blast radius, approve, reject or schedule, with two-person approval for the highest risk class",sponsor,new,,,,web-config,T2
F-ADM-043,Config page P6: History and rollback,BUILD,ADM,web-admin,M,6,5,F-API-062,"History and rollback lists versions per key and scope, compares them and reverts one to a new version; reverting a value creates a new version and the phone receives it at its next sync",sponsor,new,,,,web-config,T2
F-ADM-044,Config page P7: Reach and pending devices,BUILD,ADM,web-admin,S,4,4,F-API-063,"Reach shows devices per config version, the acknowledged share and the pending list per zone; the acknowledged share equals the acknowledgements stored for that version",sponsor,new,,,,web-config,T2
F-ADM-045,Config page P8: Programme setup,DROP,ADM,,,,,,,,new,,,Phase 2 discount and programme portals.,,
F-ADM-046,Config page P9: Master data CRUD,BUILD,ADM,web-admin,L,5,4,N-011;F-API-035,"The master-data CRUD page gives one navigation to geography, clusters, products, prices, sales plan, routes, assignments, users, outlets, classifications, task types and the holiday calendar, every write audited",sponsor,new,,,,web-config,T2
F-ADM-047,Config page P10: Targets,DROP,ADM,,,,,,,,new,,,"A page wrapper of Set Target, target revision and Excel upload (F-ADM-014, F-ADM-015, F-ADM-059), which are built; target portal is Phase 2.",,
F-ADM-048,Config page P11: Device management,BUILD,ADM,web-admin,S,4,4,F-ADM-009;F-API-036,"Device management page shows bound users, last sync, versions, integrity, revoke and the OTP issue and log; revoking a device blocks its next sync and keeps its local data",sponsor,new,,,,web-config,T2
F-ADM-049,Config page P12: Release management,BUILD,ADM,web-admin,S,4,4,F-ADM-027,"The release page shows APK upload, publish, min_version, blocked versions and an adoption chart; publishing a release makes it visible to the update check for the right role and ABI",new-required,new,,,,web-config,T2
F-ADM-050,Config page P13: Sync health,BUILD,ADM,web-admin,S,4,4,F-WEB-045,The Sync Health page in the portal shows the same figures as the ops dashboard; the figures are identical to the sync-health dashboard at the same moment,new-required,new,,,,web-config,T1
F-ADM-051,Config page P14: Data-quality quarantine review,BUILD,ADM,web-admin,S,6,4,F-ADM-030,The quarantine page lists the same items as the quarantine review and links from sync health; a parked row in the seed appears here and in the review list,new-required,new,,,,web-config,T1
F-ADM-052,Config page P15: Day control,BUILD,ADM,web-admin,S,5,5,F-ADM-029,"Day control shows reopen of a zone-day, the late-sync queue and the missing check-out list; reopening a zone-day writes an audit row and the late-sync list shows the seeded late batch",new-required,new,,,,web-config,T2
F-ADM-053,Config page P16: Audit viewer,BUILD,ADM,web-admin,S,3,4,F-ADM-034,The audit page in the portal shows the same audit viewer; it shows the same rows as the audit viewer for the same filter,new-required,new,,,,web-config,T1
F-ADM-054,Config page P17: Import and reconciliation console,DROP,ADM,,,,,,,,new,,,"Apsis migration, outside this build.",,
F-ADM-055,Config page P18: Feature flags and waves,BUILD,ADM,web-admin,S,6,6,F-API-065,The feature-flag page edits flags by scope and shows the matrix; a flag change reaches an enrolled phone at its next sync,new-required,new,,,,web-config,T2
F-ADM-056,Wholesale outlet bulk marking,BUILD,ADM,web-admin,M,6,6,F-API-045,"Wholesale Retailers filters by wholesale status, selects outlets with a basket and live count, confirms in a dialog and submits idempotently with one audit row per outlet",parity,parity,,,,web-admin,T2
F-ADM-057,Entry unlock grants and back-date window,BUILD,ADM,web-admin,S,6,6,F-API-049,"An entry unlock grant (zone or route, date range, reason, expiry) replaces 'call support' for the web entry back-date cut-off and is audited",new-required,new,,,,web-config,T2
F-ADM-058,Audited data void (Delete Section Data),BUILD,ADM,backend,S,6,5,F-API-048,"A data void records route, date, scope and reason and tombstones the client uuids so a late upload of voided rows is rejected, and the void is refused after Final Submit",changed,changed,,,,backend-admin,T1
F-ADM-059,"Target Excel template, upload and error report",DEFERRED,ADM,web-admin,M,6,6,F-API-054,The target template download and upload validate all-or-nothing and return a downloadable error sheet for bad rows; each save adds an audit row with its reason and a user without the role gets 403,parity,parity,,,"Deferred 2026-10-06 by sponsor: target, loyalty and discount/promotion programmes wait for the business rules (docs/27)",,
F-ADM-060,Reason-code and list tables,BUILD,ADM,web-admin,M,6,5,F-API-037,"Force, edit, void, exception, visit-outcome, QC-fault, feedback and task reasons are editable code tables with Bangla and English labels",sponsor,new,,,,web-config,T2
F-ADM-061,Promotion test-a-memo simulator,DROP,ADM,,,,,,,,new,,,A Phase 2 discount portal tool.,,
F-ADM-062,Interim web cover assignment,DROP,ADM,,,,,,,,new,,,Cover workflow not in any manual or screenshot; route assignment (F-ADM-003) covers it.,,
F-ADM-063,Re-attribution action,DROP,ADM,,,,,,,,new,,,"Part of the acting-for and cover workflow, not in any manual or screenshot.",,
F-ADM-064,Role x menu x action matrix editor,BUILD,ADM,web-admin,M,5,5,F-API-037,The role by menu by action matrix is data: an admin changes a role's menu and the user sees the change without a deployment,sponsor,new,,,,web-config,T2
F-ADM-065,SKU pack image management,BUILD,ADM,web-admin,S,6,4,F-API-035c,"A SKU pack image upload is stored as one compressed thumbnail and reaches the Stock, Sale and Memo screens; each save adds an audit row with its reason and a user without the role gets 403",screenshot,new,,,,web-admin,T2
F-ADM-066,Outlet badge legend,DEFERRED,ADM,web-admin,S,6,5,F-API-037,"The outlet badge legend edits the colour, programme and label of the four eligibility dots; each save adds an audit row with its reason and a user without the role gets 403",screenshot,new,,,"Deferred 2026-10-06 by sponsor: target, loyalty and discount/promotion programmes wait for the business rules (docs/27)",,
F-ADM-067,Print template management,BUILD,ADM,web-admin,M,6,6,F-API-037;N-018,"Print template management edits memo, stock slip, summary and cancel templates as versioned data and the phone prints the new version after the next sync",sponsor,new,,,,web-config,T2
F-ADM-068,Wave temporary-password batch,DROP,ADM,,,,,,,,new,,,"Apsis cutover work, outside this build.",,
F-ADM-069,Bulk OTP pre-issue per zone,DROP,ADM,,,,,,,,new,,,"Wave launch tool, outside this build; single OTP issue (F-ADM-022) stays.",,
F-ADM-070,Outlet reactivation,BUILD,ADM,web-admin,S,5,5,F-API-035b,An admin reopens a wrongly closed outlet with a reason and the outlet returns to active with an audit row; each save adds an audit row with its reason and a user without the role gets 403,new-required,new,,,,web-admin,T2
F-ADM-071,SR transfer between routes,BUILD,ADM,web-admin,S,5,5,F-ADM-003,"An SR is moved to another route from a date, targets stay with the route and the SR's next bundle carries the new route",new-required,new,,,,web-admin,T2
F-ADM-072,Config page P19: Support desk,DROP,ADM,,,,,,,,new,,,Support-desk tool.,,
F-ADM-073,Emergency non-working-day declaration,DROP,ADM,,,,,,,,new,,,Part of the day-exception family; the working-day calendar (F-ADM-033) covers holidays.,,
F-ADM-074,Submit void and day-control actions (P15),DROP,ADM,,,,,,,,new,,,"Part of the submit-void family, not in any manual or screenshot.",,
F-ADM-075,Supervised paper-memo backfill,DROP,ADM,,,,,,,,new,,,Support recovery tool; manual keying is covered by Data Entry (F-ADM-024).,,
F-ADM-076,SR lifecycle wizard (minimal) and user_admin,BUILD,ADM,web-admin,M,5,5,F-ADM-007;F-API-035b,"The SR lifecycle covers create, bind, disable and reassign, and a disabled user's phone still uploads earlier rows as parked rows",new-required,new,,,,web-admin,T2
F-ADM-077,Emergency-widen lane and temporary relief,DROP,ADM,,,,,,,,new,,,Break-glass process rail; a normal radius edit (F-ADM-012) reaches phones at their next sync.,,
F-ADM-078,Replace-device wizard (P11),BUILD,ADM,web-admin,M,5,5,F-API-086,"The replace-device wizard shows the old phone's pending rows, offers 'upload first' or 'revoke now' and issues the OTP for the new phone",sponsor,new,,Checker approval step of the source row is not built; the wizard is maker-only.,,web-config,T2
F-ADM-079,"Held-binds queue (P11, P15 tile)",DROP,ADM,,,,,,,,new,,,"Two-person takeover-rule process queue with SLA timers, not in any manual or screenshot.",,
F-ADM-080,Replay console (P20),DROP,ADM,,,,,,,,new,,,Support-desk tool for decrypted device bundles.,,
F-ADM-081,Price-change rails,BUILD,ADM,backend,S,6,5,F-API-080,A price publish shows the mandatory preview and refuses a change above the configured percent without a second approver,sponsor,new,,Same-day correction lane and break-glass restore of the source row are not built.,,backend-admin,T1
F-ADM-082,Revert a bulk batch (P9),DROP,ADM,,,,,,,,new,,,Process rail; a bulk change is undone by applying the inverse change.,,
F-ADM-083,Retention-hold console (P16 tab),DROP,ADM,,,,,,,,new,,,Compliance process; no data is dropped in this build.,,
F-ADM-084,Support ticket store (P19),DROP,ADM,,,,,,,,new,,,Support-desk tool.,,
F-ADM-085,Device directive button (P19),DROP,ADM,,,,,,,,new,,,Support-desk tool.,,
F-API-001,POST /auth/login,BUILD,API,backend,S,1,1,F-SYS-001,"POST /auth/login rate-limits per username and device (not per IP), returns scope claims and scope_version, and under 200 parallel logins the hash limiter answers 503 with Retry-After",changed,changed,,,,backend-core,T1
F-API-002,POST /auth/refresh,BUILD,API,backend,S,1,1,F-SYS-001,POST /auth/refresh rotates the opaque refresh token with reuse detection and a 60 s grace replay; a used refresh token replayed after 60 s revokes the grant,changed,changed,,,,backend-core,T1
F-API-003,POST /auth/bind-device,BUILD,API,backend,S,4,3,F-SYS-003,"POST /auth/bind-device with {deviceUuid, otp} and the device public key binds once and refuses the sixth wrong OTP; the OTP cannot be used twice",changed,changed,,,,backend-core,T1
F-API-004,POST /auth/change-password,BUILD,API,backend,S,5,4,F-SYS-004,POST /auth/change-password applies the policy and the 24 hour minimum age and records the history of 10; the same password submitted again is refused as one of the last 10,parity,parity,,,,backend-core,T1
F-API-005,GET /sync/bundle?since=,BUILD,API,backend,L,2,2,N-005;N-008;F-SYS-005;N-017,"GET /sync/bundle for the seeded SR returns the planned routes, outlets with flags, products, both price lists, sales plan, targets, offers, geo config, config snapshot and business date, gzipped with ETag, 304 on repeat and paged above 2,000 rows",changed,changed,,TRIM (docs/27): bundle carries no targets and no offers (empty arrays kept),,backend-core,T1
F-API-006,POST /sync/batch,BUILD,API,backend,L,2,2,N-006;N-002;F-SYS-005,"POST /sync/batch upserts every record by client_uuid, replays a repeated batch_uuid, returns accepted, rejected, parked, server_totals and day_states, accepts at most 500 rows and answers 429 with Retry-After on a storm",changed,changed,,,,backend-core,T1
F-API-007,POST /media/upload (multipart fallback),BUILD,API,backend,S,2,3,F-API-006,"POST /media/upload accepts a small non-evidence file idempotently by (client_uuid, purpose); the same request replayed changes nothing and the response matches the contract",changed,changed,,,,backend-core,T2
F-API-008,POST /day/sales-submit,BUILD,API,backend,M,3,3,F-API-006;F-SYS-016,"POST /day/sales-submit is idempotent, returns the dues warning and delays sales_submitted until the server totals reach the device counts or the 30 minute timeout",changed,changed,,,,backend-core,T1
F-API-009,POST /day/final-submit,BUILD,API,backend,M,5,5,F-SYS-016;F-API-039,"POST /day/final-submit is allowed once per zone and day by primary key, the same client_uuid returns the first success, another uuid gets 409 with the same Bangla text, and later batches are accepted and flagged after_final_submit",parity,parity,,,,backend-core,T1
F-API-010,GET /outlets,BUILD,API,backend,S,3,4,F-SYS-005,"GET /outlets is scoped, paginated with updated_since and PII-gated; a caller outside the scope gets no rows (scope-leak harness) and the body equals the seeded data",parity,parity,,,,backend-core,T2
F-API-011,GET /routes,BUILD,API,backend,S,5,4,F-SYS-005,GET /routes returns the scoped routes and assignments; a caller outside the scope gets no rows (scope-leak harness) and the body equals the seeded data,parity,parity,,,,backend-core,T2
F-API-012,GET /targets,DEFERRED,API,backend,S,5,4,F-API-021a,"GET /targets returns scoped targets at variant, brand, category or SKU level; a caller outside the scope gets no rows (scope-leak harness) and the body equals the seeded data",parity,parity,,,"Deferred 2026-10-06 by sponsor: target, loyalty and discount/promotion programmes wait for the business rules (docs/27)",,
F-API-013,GET /leaderboard?view=&level=&productLevel=,BUILD,API,backend,S,6,5,F-SYS-015,GET /leaderboard returns achievement ranking from rollups for the view and level; a caller outside the scope gets no rows (scope-leak harness) and the body equals the seeded data,parity,parity,,,,backend-reports,T2
F-API-014,GET /dashboard/national?date=,BUILD,API,backend,M,4,4,F-SYS-015;F-SYS-005,"GET /dashboard/national returns scoped rollups with a date-range filter in under one second, cached 30 s per scope hash, with an as-of stamp",parity,parity,,,,backend-reports,T2
F-API-015,GET /dashboard/daily-tracking?date= and POST .../action,BUILD,API,backend,M,5,5,F-SYS-015,GET /dashboard/daily-tracking returns buckets with the exception bucket and POST .../action stores a take-action note,parity,parity,,,,backend-reports,T2
F-API-016,GET /dashboard/live?zone=,BUILD,API,backend,M,5,5,F-SYS-015,GET /dashboard/live returns zone and territory tiles from the same aggregates as the web with an as-of stamp; a caller outside the scope gets no rows (scope-leak harness) and the body equals the seeded data,parity,parity,,,,backend-reports,T2
F-API-017,"GET /reports/<name>?filters&format=json/xlsx/pdf/print (the full ReportQuery registry; the early read halves are F-API-017a and F-API-017b, D-533)",BUILD,API,backend,L,3,3,F-SYS-005;F-SYS-015,"The ReportQuery registry serves each report as json, xlsx, pdf or print from one query with a logged export and a sanitiser, and rejects scope ids sent by the client",changed,changed,,,,backend-reports,T2
F-API-017a,GET /reports/memo-number-gaps,BUILD,API,backend,S,6,5,F-SYS-069,GET /reports/memo-number-gaps returns the gap report from dw for the caller's scope; a caller outside the scope gets no rows (scope-leak harness) and the body equals the seeded data,new-required,new,,,,backend-reports,T2
F-API-017b,"GET /reports/std-memo, /reports/sales-summary (AMO app reports)",BUILD,API,backend,S,5,5,F-API-017,GET /reports/std-memo and /reports/sales-summary return the two AMO report reads for the AMO's scope; a caller outside the scope gets no rows (scope-leak harness) and the body equals the seeded data,new-required,new,,,,backend-reports,T2
F-API-018,GET /app/home?role=&date=,BUILD,API,backend,M,5,5,F-SYS-015;F-SYS-005,"GET /app/home returns the KPI strip and tiles scoped to the SR, zone or territory and the SR's local strip equals it after sync",parity,parity,,,,backend-reports,T2
F-API-019,GET /outlets/nearby?lat&lng&radius,BUILD,API,backend,S,4,5,F-SYS-005,"GET /outlets/nearby returns outlets within 50, 100 or 300 m of a point from a geo index with a marker cap; a caller outside the scope gets no rows (scope-leak harness) and the body equals the seeded data",parity,parity,,,,backend-core,T2
F-API-020,GET and POST /visit-plans,BUILD,API,backend,S,5,5,F-SYS-005,"GET and POST /visit-plans set and list plans as a union by outlet, idempotent by client uuid; a caller outside the scope gets no rows (scope-leak harness) and the body equals the seeded data",parity,parity,,,,backend-admin,T2
F-API-020b,GET /routes/:id/assignments,BUILD,API,backend,S,5,4,F-SYS-005,GET /routes/:id/assignments returns the SR or AMO assigned and shows SR Not Set as normal for AMO routes; a caller outside the scope gets no rows (scope-leak harness) and the body equals the seeded data,parity,parity,,,,backend-admin,T2
F-API-021,"POST /targets/*, /target-revisions/* (the write half, 5c; the read half is F-API-021a, the Astha write half F-API-021b, D-533)",DEFERRED,API,backend,M,6,6,F-API-021a,POST /targets and /target-revisions store target sets and approval events with values at or above 0; a negative target is rejected and an approval event is stored,changed,changed,,,"Deferred 2026-10-06 by sponsor: target, loyalty and discount/promotion programmes wait for the business rules (docs/27)",,
F-API-021a,"GET /targets/*, achievement and Astha reads",DEFERRED,API,backend,S,2,3,F-SYS-005;N-008,"GET /targets/* returns targets, achievement and till-date bases from seeded data with at least 0 and a dash on zero",new-required,new,,,"Deferred 2026-10-06 by sponsor: target, loyalty and discount/promotion programmes wait for the business rules (docs/27)",,
F-API-021b,POST /programs/astha/* (Astha targets and gift choice),DEFERRED,API,backend,S,6,6,F-SYS-005,POST /programs/astha/* stores Astha targets and gift choice idempotently and locks a choice once the SR's photo exists,new-required,new,,,"Deferred 2026-10-06 by sponsor: target, loyalty and discount/promotion programmes wait for the business rules (docs/27)",,
F-API-022,"GET and POST /leave, POST /leave/:id/decision",BUILD,API,backend,S,4,5,F-SYS-005,"GET and POST /leave and POST /leave/:id/decision apply (idempotent by client uuid), list and decide; a caller outside the scope gets no rows (scope-leak harness) and the body equals the seeded data",parity,parity,,,,backend-admin,T2
F-API-023,GET /team/locations?zone=,BUILD,API,backend,S,5,5,N-036,GET /team/locations returns the last synced fix per SR in scope with its age and source; a caller outside the scope gets no rows (scope-leak harness) and the body equals the seeded data,changed,changed,,,,backend-reports,T2
F-API-024,GET /team/stock?zone=&date=,BUILD,API,backend,S,5,5,F-SYS-005,GET /team/stock returns an SR's lifted stock for a date without the SR's phone number; a caller outside the scope gets no rows (scope-leak harness) and the body equals the seeded data,parity,parity,,,,backend-reports,T2
F-API-025,GET /memos?outlet=&date=,BUILD,API,backend,S,2,3,F-SYS-005,GET /memos?outlet=&date= returns the memos of an outlet beyond the local window within the caller's scope; a caller outside the scope gets no rows (scope-leak harness) and the body equals the seeded data,parity,parity,,,,backend-core,T2
F-API-026,"GET and POST /tasks, POST /tasks/:uuid/resolve",BUILD,API,backend,M,2,3,F-API-006;F-SYS-005,"GET and POST /tasks and POST /tasks/:uuid/resolve assign, list and resolve tasks idempotently, also through the batch",parity,parity,,,,backend-core,T2
F-API-027,GET /tutorials,BUILD,API,backend,S,5,5,F-SYS-005,GET /tutorials returns the video and manual list; a caller outside the scope gets no rows (scope-leak harness) and the body equals the seeded data,parity,parity,,,,backend-admin,T2
F-API-028,"GET /ops/sync-health, GET and POST /ops/quarantine",BUILD,API,backend,M,4,4,F-SYS-015;F-SYS-014,GET /ops/sync-health and GET and POST /ops/quarantine return the health figures and apply quarantine actions; a quarantine action on a seeded parked row changes its state and is audited,new-required,new,,,,backend-reports,T1
F-API-029,GET /app/update-check?version=&role=&abi=,BUILD,API,backend,S,3,3,N-007,"GET /app/update-check returns the latest release, min version, APK URL and SHA-256 for the role and ABI; a phone on the latest version gets no update and one below min_version is told to update",changed,changed,,,,backend-core,T2
F-API-030,POST /support/pda-upload,BUILD,API,backend,S,5,5,F-SYS-005,POST /support/pda-upload returns a SAS for a size-capped file in Blob; the same request replayed changes nothing and the response matches the contract,parity,parity,,,,backend-admin,T2
F-API-031,POST /auth/logout,BUILD,API,backend,S,2,3,F-SYS-002,POST /auth/logout revokes the full refresh grant at once and with scope=upload also the upload-only grant after the last ACK,parity,parity,,,,backend-core,T1
F-API-032,"POST /feedback, GET /admin/feedback",BUILD,API,backend,S,4,5,F-SYS-005,POST /feedback and GET /admin/feedback store feedback with an optional image link; the same request replayed changes nothing and the response matches the contract,parity,parity,,,,backend-admin,T2
F-API-033,/admin/migration/*,DROP,API,,,,,,,,new,,,"Apsis migration and cutover, outside this build.",,
F-API-034,GET /reports/suspicious-locations,BUILD,API,backend,S,4,4,F-SYS-057,GET /reports/suspicious-locations returns flagged visits with review events; a caller outside the scope gets no rows (scope-leak harness) and the body equals the seeded data,sponsor,new,,,,backend-reports,T2
F-API-035,"/admin/* CRUD of all 58 entities (6a; the early halves are F-API-035a, 035b, 035c by entity group, D-533)",BUILD,API,backend,L,3,3,N-005;N-011;F-SYS-059,"The generic /admin/* CRUD framework serves geography, clusters, QC fault types and the other master entities with optimistic concurrency and an audit row for every write",changed,changed,,,,backend-admin,T2
F-API-035a,"/admin/* CRUD: offers, surveys, rubrics, content, programme definitions",BUILD,API,backend,M,5,4,F-API-035,"/admin/* CRUD for offers, surveys, rubrics, content and programme definitions audits every write and the next bundle carries the change",new-required,new,,TRIM (docs/27): no offer or programme-definition CRUD,,backend-admin,T2
F-API-035b,"/admin/* CRUD: users, scope, routes, assignments, outlets, classifications, approvals (pilot minimum)",BUILD,API,backend,L,4,4,F-API-035,"/admin/* CRUD for users, scope, routes, assignments, outlets, classifications and the pilot-minimum approvals audits every write",new-required,new,,,,backend-admin,T2
F-API-035c,"/admin/* CRUD: products, prices, product tree",BUILD,API,backend,M,4,4,F-API-035,"/admin/* CRUD for products, prices and the product tree audits every write; the same request replayed changes nothing and the response matches the contract",new-required,new,,,,backend-admin,T2
F-API-036,POST /admin/device-otp and GET /admin/device-otp,BUILD,API,backend,S,3,3,F-SYS-003,"POST and GET /admin/device-otp view, re-issue and pre-issue OTPs stored AES-GCM encrypted and scoped; the same request replayed changes nothing and the response matches the contract",changed,changed,,,,backend-admin,T1
F-API-037,"GET and PUT /admin/config, GET /config/snapshot",BUILD,API,backend,L,3,3,N-005;N-007,"GET and PUT /admin/config and GET /config/snapshot store typed scoped values with effective date, reason and risk class and stamp a version",changed,changed,,,,backend-admin,T1
F-API-038,POST /admin/data-entry,BUILD,API,backend,S,6,5,F-API-006,POST /admin/data-entry writes a manual backfill through the ingest path with source manual; the same memo number keyed twice is stored once and flagged source manual,new-required,new,,,,backend-admin,T2
F-API-039,GET /day/final-submit/preview?zoneId=,BUILD,API,backend,S,5,5,F-SYS-016,"GET /day/final-submit/preview returns salesDate, alreadySubmitted, submittedAt and routes with the FF name or null within the caller's scope",new-required,new,,,,backend-core,T1
F-API-040,GET /config/delta,BUILD,API,backend,S,3,3,F-API-037,GET /config/delta returns config changes since a version with an ETag; a phone at the current version gets 304 and one two versions behind gets both changes,sponsor,new,,,,backend-admin,T2
F-API-041,POST /config/ack,BUILD,API,backend,S,3,3,F-API-037,POST /config/ack records the applied config version carried on the next sync; the acknowledgement appears in the reach view for that device,sponsor,new,,,,backend-admin,T2
F-API-042,GET /config/public,BUILD,API,backend,S,5,4,F-API-037,"GET /config/public is cached by Front Door for 60 s and returns min_version, banner and the helpdesk number; the response is served from the Front Door cache for 60 s and carries no user data",sponsor,new,,,,backend-admin,T2
F-API-043,POST /day/cover,DROP,API,,,,,,,,new,,,Cover workflow not in any manual or screenshot.,,
F-API-044,GET /day/exceptions,DROP,API,,,,,,,,new,,,Day-exception workflow not in any manual or screenshot.,,
F-API-045,POST /outlets/outlet-kind/bulk,BUILD,API,backend,S,6,6,F-API-035b,POST /outlets/outlet-kind/bulk marks outlets idempotently by batchUuid with one audit row per outlet; the same request replayed changes nothing and the response matches the contract,new-required,new,,,,backend-admin,T2
F-API-046,POST /support/ping,DROP,API,,,,,,,,new,,,Support-desk tool.,,
F-API-047,POST /day/exceptions,DROP,API,,,,,,,,new,,,Day-exception workflow not in any manual or screenshot.,,
F-API-048,POST /admin/data-void,BUILD,API,backend,M,4,5,F-API-006;F-SYS-059,"POST /admin/data-void records an audited void with reason and scope, tombstones client uuids and refuses after Final Submit",new-required,new,,,,backend-admin,T1
F-API-049,POST /admin/entry-unlock,BUILD,API,backend,S,6,6,F-SYS-059,POST /admin/entry-unlock creates or expires an audited unlock grant; an expired grant no longer allows back-dated entry,new-required,new,,,,backend-admin,T2
F-API-050,POST /web-entry/route-day,BUILD,API,backend,M,6,5,F-SYS-005;F-SYS-059,"POST /web-entry/route-day stores one entry per route-day with a client uuid, a re-save replaces with audit and app rows are never added",new-required,new,,,,backend-admin,T1
F-API-051,POST /web-entry/outlet-sku,BUILD,API,backend,S,6,6,F-SYS-005,POST /web-entry/outlet-sku stores an Astha entry with a client uuid; the same client uuid sent twice stores one entry,new-required,new,,TRIM (docs/27): no Astha quantity path,,backend-admin,T2
F-API-052,POST /web-entry/qc,BUILD,API,backend,S,6,5,F-SYS-005,POST /web-entry/qc stores market and warehouse QC entries with a client uuid as a separate source; the same client uuid sent twice stores one entry,new-required,new,,,,backend-admin,T2
F-API-053,GET /reports/<name>/print and POST /reports/export,BUILD,API,backend,M,6,5,F-API-017;F-SYS-064,"GET /reports/<name>/print and POST /reports/export give a server-rendered print view and an asynchronous export with a download link, both logged",new-required,new,,,,backend-reports,T2
F-API-054,POST /targets/upload and GET /targets/sample,DEFERRED,API,backend,M,6,6,F-API-021,POST /targets/upload validates an Excel file all-or-nothing and GET /targets/sample returns the template; a file with one bad row is rejected whole and the error sheet names the row,new-required,new,,,"Deferred 2026-10-06 by sponsor: target, loyalty and discount/promotion programmes wait for the business rules (docs/27)",,
F-API-055,"POST /outlet-requests/:uuid/verify, /reject, /approve",BUILD,API,backend,M,4,4,F-API-006;F-SYS-005,"POST /outlet-requests/:uuid/verify, /reject and /approve are idempotent by event uuid; approving a closure sets the outlet closed",new-required,new,,,,backend-core,T2
F-API-056,POST /admin/attribution,DROP,API,,,,,,,,new,,,"Part of the acting-for and cover workflow, not in any manual or screenshot.",,
F-API-057,POST /media/sas,BUILD,API,backend,S,3,3,F-API-006,"POST /media/sas returns write-only user-delegation SAS URLs for up to 10 photos, pinned to photos/{business_date}/{device}/{client_uuid}.jpg, valid 15 minutes",new-required,new,,,,backend-core,T2
F-API-058,GET /admin/config/whatif?key=&scope=&value=&days=,BUILD,API,backend,M,4,4,F-API-037,GET /admin/config/whatif re-evaluates stored fixes under a candidate radius and reports how many visits would change verdict,sponsor,new,,,,backend-admin,T2
F-API-059,GET /admin/config/blast-radius?scope_type=&scope_id=,BUILD,API,backend,S,5,4,F-API-037,"GET /admin/config/blast-radius returns the zones, routes, outlets, users and devices a change would touch and its counts equal the devices targeted at commit",sponsor,new,,,,backend-admin,T2
F-API-060,GET /admin/config/density?scope= and GET /admin/config/calibration?scope=,BUILD,API,backend,M,6,5,F-API-037;F-SYS-015,GET /admin/config/density and /calibration return the outlet density index and the calibration report from stored fixes,sponsor,new,,,,backend-admin,T2
F-API-061,"POST /admin/config/requests, GET .../requests?status=, POST .../{id}/approve, reject, cancel, adopt, break-glass",BUILD,API,backend,M,5,4,F-API-037,"POST /admin/config/requests and the approve, reject, cancel and break-glass actions run the change-request workflow with every transition audited",sponsor,new,,,,backend-admin,T2
F-API-062,"GET /admin/config/versions, GET .../versions/{v}, POST .../versions/{v}/revert, POST .../rollback-to/{v}",BUILD,API,backend,M,6,5,F-API-037,GET /admin/config/versions and POST .../revert and .../rollback-to create a new version and delete nothing; the old value is still in the history after a revert,sponsor,new,,,,backend-admin,T2
F-API-063,GET /admin/config/reach/{version} and GET .../reach/{version}/pending?zone=,BUILD,API,backend,S,4,4,F-API-041,"GET /admin/config/reach/{version} and .../pending list targeted, applied and pending devices and their lag; the counts equal the acknowledgements stored for that version",sponsor,new,,"TRIM (docs/27): unchanged; ""target"" there means config reach",,backend-admin,T2
F-API-064,GET and POST /admin/permissions,BUILD,API,backend,S,5,4,F-API-037,"GET and POST /admin/permissions list the admin roster and a grant is a high-risk change request; a grant creates a pending change request, not an immediate permission",sponsor,new,,,,backend-admin,T2
F-API-065,GET and PUT /admin/flags,BUILD,API,backend,S,6,6,F-API-037,GET and PUT /admin/flags edit the feature-flag matrix by scope and flags never change the shape of captured data; a flag change appears in the next config delta,sponsor,new,,,,backend-admin,T2
F-API-066,POST /support/decrypt,DROP,API,,,,,,,,new,,,Support-desk tool for decrypted device bundles.,,
F-API-067,"POST /admin/binds/cohort-ack (path proposed, ASSUMPTION)",DROP,API,,,,,,,,new,,,"Wave cohort acknowledgement of the takeover rule, outside this build.",,
F-API-068,"POST /admin/binds/{id}/release (path proposed, ASSUMPTION)",DROP,API,,,,,,,,new,,,"Held-binds queue, outside this build.",,
F-API-069,POST /day/submit-void,DROP,API,,,,,,,,new,,,"Part of the submit-void family, not in any manual or screenshot.",,
F-API-070,GET /sync/generation,BUILD,API,backend,S,6,6,F-API-006,"GET /sync/generation returns {generation, kind, restore_point_utc, lost_after_utc, minted_at} so a device can re-send rows acked after a restore",sponsor,new,,,,backend-core,T1
F-API-071,"GET /support/search, POST /support/decode",DROP,API,,,,,,,,new,,,Support-desk tool.,,
F-API-072,POST /calendar/emergency,DROP,API,,,,,,,,new,,,"Part of the day-exception family, not in any manual or screenshot.",,
F-API-073,"POST /entries/paper-memo, POST /entries/paper-memo/{id}/approve",DROP,API,,,,,,,,new,,,Support recovery tool; manual keying is covered by F-API-038.,,
F-API-074,POST /outlet-requests/bulk-approve,DROP,API,,,,,,,,new,,,Convenience over the approval endpoint (F-API-055).,,
F-API-075,"POST /admin/config/emergency-widen, POST /admin/config/temporary-relief",DROP,API,,,,,,,,new,,,Break-glass process rail.,,
F-API-076,POST /day/mark-absent/bulk,DROP,API,,,,,,,,new,,,Day-exception workflow not in any manual or screenshot.,,
F-API-077,"POST /admin/support/replay/dry-run, apply, approve",DROP,API,,,,,,,,new,,,Support-desk replay console.,,
F-API-078,GET /admin/binds/held,DROP,API,,,,,,,,new,,,"Held-binds queue, outside this build.",,
F-API-079,"POST /admin/devices/{id}/directive, GET /admin/devices/{id}/directives",DROP,API,,,,,,,,new,,,Support-desk directive channel.,,
F-API-080,"POST /admin/price/preview, publish, correct",BUILD,API,backend,M,4,4,F-API-035c,"POST /admin/price/preview and publish return the affected SKUs, price types, outlets and devices and publish idempotently by batchUuid",new-required,new,,,,backend-admin,T2
F-API-081,POST /admin/bulk/{batchUuid}/revert,DROP,API,,,,,,,,new,,,Process rail; a bulk change is undone by applying the inverse change.,,
F-API-082,"POST /admin/retention-holds, GET and DELETE /admin/retention-holds/{id}",DROP,API,,,,,,,,new,,,Compliance process; no data is dropped in this build.,,
F-API-083,GET /config/check,BUILD,API,backend,S,4,4,F-API-040,GET /config/check answers 304 or the delta inline for If-None-Match on the config version at most once per gap; a call inside the minimum gap is answered 304 from the cache,sponsor,new,,,,backend-admin,T2
F-API-084,"POST /support/tickets, PATCH /support/tickets/{id}, GET /support/tickets",DROP,API,,,,,,,,new,,,Support-desk tool.,,
F-API-085,POST /admin/migration/apsis-feed,DROP,API,,,,,,,,new,,,"Apsis migration, outside this build.",,
F-API-086,POST /admin/devices/{id}/replace,BUILD,API,backend,S,5,5,N-031;F-SYS-003,POST /admin/devices/{id}/replace offers upload-first or revoke-now for the old phone and issues the OTP for the new one,sponsor,new,,,,backend-admin,T2
F-SYS-001,Username and password login,BUILD,SYS,backend,S,1,1,N-009;N-008,"POST /auth/login for the seeded SR returns an ES256 access token and a rotated refresh token carrying role and scope claims; a wrong password returns the uniform error and repeated failures lock the (username, device) pair",parity,parity,,,,backend-core,T1
F-SYS-002,Token refresh,BUILD,SYS,backend,S,1,1,F-SYS-001,A refresh token rotates on use; a replay of a used token within 60 s returns the same result and after that revokes the grant; the phone keeps reading local data while a refresh fails (tested in airplane mode),parity,parity,,,,backend-core,T1
F-SYS-003,Device binding by OTP,BUILD,SYS,backend,M,3,3,F-SYS-001;N-007,"A login from an unknown device returns bind_required and a 4-digit OTP that is single-use, expires after 120 minutes, locks after 5 wrong tries, and is readable only by a TSO whose scope contains the SR",changed,changed,,,,backend-core,T1
F-SYS-004,Change password and policy,BUILD,SYS,backend,S,5,4,F-SYS-001,"Change-password rejects fewer than 12 characters, a missing case or digit, any of the last 10 passwords and a change within 24 hours, and stores an Argon2id hash for a compliant one",parity,parity,,,,backend-core,T1
F-SYS-005,Server-side scope resolution,BUILD,SYS,backend,M,1,1,N-005;N-009,"A seeded TSO token returns only outlets of its territory, a request carrying scope ids from the client ignores them, and the scope-leak harness finds zero cross-scope rows over 200 randomised queries",parity,parity,,,,backend-core,T1
F-SYS-006,Reference bundle download (the login event),BUILD,SYS,android-core,M,2,2,F-API-005;N-016,"After one download in the seeded SR's session, airplane mode still loads routes, outlets, SKUs, prices, config and business date from Room; killing the app mid-download resumes without duplicates; the first bundle of the Dhaka day records the logged-in event",changed,changed,,,,android-core,T1
F-SYS-007,Bundle delta refresh,BUILD,SYS,android-core,S,3,3,F-SYS-006,"A ?since= refresh applies only changed rows, never raises a login event, and a price change applies to new memos only",sponsor,new,,,,android-core,T1
F-SYS-008,Idempotent batch upload,BUILD,SYS,android-core,L,2,2,N-002;N-001;N-003;N-016,"Every capture writes its row and an outbox record in one Room transaction; uploading the same batch twice, in any order, or after a kill mid-send leaves exactly one memo and one set of lines on the server (end to end in the Day 2 check)",sponsor,new,,,,android-core,T1
F-SYS-009,Device-versus-server reconciliation,BUILD,SYS,android-core,S,3,3,F-SYS-008;F-API-006,The per-type counts on the device equal server_totals after sync; before the first sync the Server column is blank with a timestamp; a mismatch shows a reason text,parity,parity,,,,android-core,T1
F-SYS-010,Media queue and photo upload,BUILD,SYS,android-core,M,3,3,F-API-057;F-SYS-030,"A 150 KB photo queued offline uploads by write-only SAS on Wi-Fi first, a slow photo never delays the record sync, and a kill-and-relaunch resumes the upload",sponsor,new,,,,android-core-ui,T1
F-SYS-011,Constrained background sync,BUILD,SYS,android-core,M,2,2,N-001;N-016,"WorkManager runs one expedited job after a failed send and a 15-minute periodic job registered only while rows are pending; a lint test finds no foreground service, alarm or timer under 60 s",sponsor,new,,,,android-core,T1
F-SYS-012,Server geo re-check on ingest,BUILD,SYS,backend,M,3,3,F-API-006;N-004,"A visit uploaded with a mocked fix is stored geo_validated_server=false; with a 100 m radius a fix 80 m away is valid and one 130 m away is not, using the radius resolved for the visit's business date",sponsor,new,,,,backend-core,T1
F-SYS-013,Anti-spoofing plausibility flags,BUILD,SYS,backend,L,3,3,F-SYS-012;N-006,"Replayed fixtures raise risk signals for teleport speed above the limit, zero jitter, one coordinate across a route and phone-versus-server disagreement; only the mock warning is visible to the SR",sponsor,new,,,,backend-admin,T1
F-SYS-014,Quarantine of invalid references,BUILD,SYS,backend,M,2,2,F-API-006,"A memo line for an unknown SKU is parked rather than dropped, the batch response lists it under parked, and the other rows of the batch are accepted",sponsor,new,,,,backend-core,T1
F-SYS-015,Aggregation into fact and aggregate tables,BUILD,SYS,backend,L,3,3,N-007;F-API-006,After ingest of the seeded day the dirty-key worker updates agg_daily_route within 60 s; running it twice gives identical numbers; a late batch re-aggregates its own business date,sponsor,new,,,,backend-reports,T1
F-SYS-016,Day state machine,BUILD,SYS,backend,M,3,3,F-API-006,"route_day moves not_started, logged_in, in_field, synced, sales_submitted from events, an SR on two routes has two route_day rows, and an AMO submit writes supervisor_day without touching an SR route",changed,changed,,,,backend-core,T1
F-SYS-017,Business-date stamping,BUILD,SYS,shared,S,1,1,N-003,"A sale stamped 23:55 Dhaka stores its UTC time and that day's business_date and one stamped 00:05 stores the next day's, identically in the shared module and on the server",parity,parity,,,,shared,T1
F-SYS-018,Localisation layer and bundled fonts,BUILD,SYS,android-core,M,1,1,N-001,Switching to Bangla shows Bengali digits and the bundled Bengali font on every skeleton screen and a lint test fails the build on any hardcoded user-visible string,parity,parity,,,,android-core,T1
F-SYS-019,Language toggle,BUILD,SYS,android-core,S,3,3,F-SYS-018,"The Settings language switch (en or Bangla) applies instantly without a confirmation and persists after a relaunch; checked on the Galaxy A06 against the seeded day, in Bangla and in English, and the state survives a kill and relaunch",parity,parity,,,,android-core-ui,T1
F-SYS-020,In-app updater,BUILD,SYS,android-core,M,5,5,F-API-029;N-034,"On a non-enrolled test phone the update check finds a newer release, downloads it resumably with SHA-256 verification and migrates the local database keeping pending rows; a forced min_version blocks a new day but not an open offline day",changed,changed,,,,android-core-ui,T1
F-SYS-021,PDA to Support (send data file),BUILD,SYS,android-core,S,5,5,F-API-030,Settings PDA to Support sends the data file with app version and last sync; offline it queues with a visible state and uploads on reconnect; success and failure are shown,parity,parity,,,,android-core-ui,T1
F-SYS-022,Logout,BUILD,SYS,android-core,S,3,3,F-SR-001,"SR logout keeps the local database and the engine keeps uploading; TSO logout with N unsent items is refused with 'N items not yet sent' (Sync now, Cancel) and wipes only a fully reconciled device",changed,changed,,,,android-core-ui,T1
F-SYS-023,Runtime permission flow,BUILD,SYS,android-core,M,2,2,N-001,"Denying location blocks Attendance and Sale with the Bangla rationale and a Settings deep link, denying Bluetooth disables only printing, and the manifest requests no microphone permission",changed,changed,,,,android-core-ui,T1
F-SYS-024,Activity log,BUILD,SYS,android-core,S,5,5,F-SYS-008,Screen and action events travel inside the next batch (no extra request) and appear once in activity_log; replaying the batch does not duplicate the events,new-required,new,,,,android-core,T1
F-SYS-025,Route log (Data Entry Log source),BUILD,SYS,backend,S,2,3,F-API-005;F-API-006,The first and last download and upload time and counts per route per day are stored in Dhaka time with MIN as first and MAX as last,parity,parity,,,,backend-core,T2
F-SYS-026,Sync-health dashboard,BUILD,SYS,backend,M,4,4,F-SYS-015;F-SYS-050,"The ops endpoint returns login %, submit % (of logged-in), final-submit by zone, trickle latency, quarantine count and config ack % for the seeded day equal to hand-computed values",new-required,new,,,,backend-reports,T1
F-SYS-027,Memo numbering,BUILD,SYS,android-core,S,2,2,F-SYS-008,"Memo numbers follow <username>-<yyMMdd>-<seq3> composed in the memo insert transaction from disjoint 500-number blocks per device; a failed save burns a number and the server keeps the number verbatim, unique per business date",changed,changed,,,,android-core,T1
F-SYS-028,Local working-data purge,BUILD,SYS,android-core,S,5,5,F-SYS-008,Synced rows older than 7 business days are purged and rows that are unsynced or rejected are never purged; a seeded 8-day-old synced row is purged and an 8-day-old unsynced row is kept,changed,changed,,,,android-core,T1
F-SYS-029,Bounded image cache,BUILD,SYS,android-core,S,6,3,N-001,Pack thumbnails cache on disk with an LRU under the configured cap and AV downloads only on Wi-Fi; filling the cache past the cap evicts the oldest images first,parity,parity,,,,android-core,T1
F-SYS-030,Photo capture and compression pipeline,BUILD,SYS,android-core,M,3,3,F-SYS-023,"A captured photo is at most 150 KB with a 1024 px long edge, EXIF stripped, SHA-256 stored and stamped with the fix (lat, lng, accuracy, mock flag); one retake is allowed and the camera is released after capture",parity,parity,,,,android-core-ui,T1
F-SYS-031,Integrity signals at login,BUILD,SYS,android-geo,S,3,3,N-026,"Developer options, USB debugging and root hints are read at login and with each batch and stored on the device record; they never block a sale alone",sponsor,new,,,,android-geo-dpc,T1
F-SYS-032,Error reporting (privacy-aware),BUILD,SYS,android-core,S,6,6,N-001,A forced crash in each app and a forced web error reach the error store with device id and stack trace but without phone numbers or outlet names,new-required,new,,,,android-core,T1
F-SYS-033,"Role-aware single codebase, three flavours",BUILD,SYS,android-core,S,1,1,N-001,"The SR, AMO and TSO APKs install side by side with launcher labels ARON SR, ARON AMO and ARON TSO and the package ids com.aktcl.aron.sr, .amo and .tso",changed,changed,,,,android-core,T1
F-SYS-034,Target sanity guards,DEFERRED,SYS,backend,S,5,4,F-API-021a,"A negative target is rejected at entry and a zero or null denominator renders a dash instead of 0 percent; a stored zero target renders a dash on the web, the SR and the TSO surfaces",changed,changed,,,"Deferred 2026-10-06 by sponsor: target, loyalty and discount/promotion programmes wait for the business rules (docs/27)",,
F-SYS-035,Suggested order quantity hook,BUILD,SYS,backend,S,2,3,F-API-005,The bundle carries a per-outlet suggested_qty field that is empty by default and the sale screen shows nothing when it is empty,manual,new,,,,backend-core,T2
F-SYS-036,APK size budget,BUILD,SYS,infra,S,3,3,N-013,CI fails any release APK above 30 MB per ABI or 70 MB installed; the check fails the pipeline on a deliberate violation,new-required,new,,,,infra,T1
F-SYS-037,Wi-Fi-only photo setting,BUILD,SYS,android-core,S,6,3,F-SYS-010,"With Wi-Fi-only on, queued photos stay pending on mobile data and upload on Wi-Fi, and evidence photos fall back to mobile after 6 hours",new-required,new,,,,android-core-ui,T1
F-SYS-038,Apsis dump importer and ID crosswalk,DROP,SYS,,,,,,,,new,,,"Apsis migration, outside this build (docs/23 s1).",,
F-SYS-039,Post-import reconciliation report,DROP,SYS,,,,,,,,new,,,"Apsis migration, outside this build.",,
F-SYS-040,Delta re-import before a wave,DROP,SYS,,,,,,,,new,,,"Cutover work, outside this build.",,
F-SYS-041,Wave rollout control,DROP,SYS,,,,,,,,new,,,Cutover waves; staged rollout by version stays in F-ADM-027.,,
F-SYS-042,Wave rollback,DROP,SYS,,,,,,,,new,,,"Cutover work, outside this build.",,
F-SYS-043,Parallel-run comparison report,DROP,SYS,,,,,,,,new,,,"Cutover work, outside this build.",,
F-SYS-044,Side-by-side coexistence,BUILD,SYS,android-core,S,1,1,N-001,The three apps run side by side on one phone with a test copy of a fourth package id and the same paired printer prints from each,sponsor,new,,,,android-core,T1
F-SYS-045,Price snapshot on memo,BUILD,SYS,shared,M,2,2,N-003,Each memo line stores unit_price_mtk and the price type; 12 sticks at 7.935 are summed unrounded and rounded once with round_adj_mtk stored; a later price change leaves old memos unchanged,parity,parity,,,,shared,T1
F-SYS-046,Immediate-sync trigger on connectivity regained,BUILD,SYS,android-core,M,2,2,F-SYS-011,"Regaining connectivity flushes pending rows within 60 s without pressing Sync (5 s debounce), and a lint test finds no polling timer",sponsor,new,,,,android-core,T1
F-SYS-047,Server-generation re-sync,BUILD,SYS,android-core,M,6,6,F-API-070;F-SYS-008,"After a server restore announces a new generation, the device re-sends rows acked since the restore point and the registry dedupes them with zero duplicates",sponsor,new,,,,android-core,T1
F-SYS-048,Poison-row isolation and skip-ahead,BUILD,SYS,backend,M,2,2,F-API-006,"One malformed record in a batch of 100 becomes rejected(server_error) with a quarantine row, the other 99 are accepted, and the client skips that record family after 3 failures",sponsor,new,,,,backend-core,T1
F-SYS-049,Trusted time anchor,BUILD,SYS,android-core,S,2,2,N-001,"With the phone clock set two hours wrong, the business date and the 17:00 check-out gate follow corrected time (server time plus elapsed realtime)",sponsor,new,,,,android-core,T1
F-SYS-050,Device telemetry headers and support visibility,BUILD,SYS,backend,S,3,3,F-API-006,"X-Pending-Rows, X-Last-Sync-Error and X-App-Version are recorded at most once per 10 minutes per device and a daily device object under 1 KB is accepted",new-required,new,,,,backend-core,T2
F-SYS-051,"Number, date, time and money formatting profile",BUILD,SYS,shared,S,2,2,N-003,"One formatter set renders 1,234.50 followed by the taka sign with Bengali digits in Bangla and Latin digits in English, Western grouping, on the phone and on the web",changed,changed,,,,shared,T1
F-SYS-052,Offline unlock and shared-phone user switching,BUILD,SYS,android-core,M,3,3,F-SYS-001,"After one online login the user unlocks offline within 7 days, 10 wrong attempts impose a doubling cool-down, and user B on the same phone has a separate database while A's rows upload under A's token",sponsor,new,,,,android-core,T1
F-SYS-053,Config propagation to the field,BUILD,SYS,android-core,M,4,4,F-API-040;F-API-041,"A radius changed in the portal reaches the phone through X-Config-Version and the delta on its next request, is acknowledged on the next sync, and is stamped on the next visit as radius_m_used",sponsor,new,,,,android-core,T1
F-SYS-054,Release gating and kill switches,BUILD,SYS,backend,M,4,4,F-ADM-027;F-SYS-053,"min_version blocks a new day's login but not upload, blocked_versions blocks new captures only, and neither wipes data",new-required,new,,,,backend-core,T1
F-SYS-055,Batch replay and content fingerprint,BUILD,SYS,backend,M,2,2,F-API-006,"Repeating a batch_uuid returns the stored response, the same batch_uuid with a different row set returns 409 and a replay with regenerated uuids is caught by the content fingerprint",sponsor,new,,,,backend-core,T1
F-SYS-056,Route-day planning job,BUILD,SYS,backend,M,2,3,N-017,"At 00:05 Dhaka a route_day exists for every route planned for that date by visit kind and calendar, with target outlets fixed at bundle time",new-required,new,,,,backend-core,T1
F-SYS-057,Risk signal store and review events,BUILD,SYS,backend,M,3,3,F-SYS-013,"Server signals are stored in risk_signal, a review (dismiss or confirm) is an idempotent event and nothing is auto-reversed",sponsor,new,,,,backend-core,T2
F-SYS-058,PII read budgets and export log,BUILD,SYS,backend,M,6,6,F-API-017,"A list endpoint masks personal columns by default, enforces an hourly row budget and every export is logged with its filters and a PII flag",new-required,new,,,,backend-reports,T1
F-SYS-059,Append-only audit log,BUILD,SYS,backend,M,3,3,N-007,"UPDATE or DELETE on audit_log is rejected by the database and every admin write adds a hash-chained row with actor, before and after",new-required,new,,,,backend-core,T1
F-SYS-060,"Dues ledger, allocation and ageing",BUILD,SYS,backend,M,2,3,F-API-006,"A credit memo, a collection and a void each add a ledger row, and FIFO allocation gives ageing buckets 0-7, 8-30, 31-60 and 61+ that sum to the outlet balance",new-required,new,,,,backend-core,T1
F-SYS-061,Loyalty ledger earning and expiry job,DEFERRED,SYS,backend,M,5,5,F-SR-021;F-API-006,"50 points post once per survey response uuid even when the batch is replayed, the nightly job expires points past their date and an overdraw the device could not know about is accepted and flagged",new-required,new,,,"Deferred 2026-10-06 by sponsor: target, loyalty and discount/promotion programmes wait for the business rules (docs/27)",,
F-SYS-062,Server recompute checks,BUILD,SYS,backend,M,2,3,F-API-006;N-003,"A batch whose memo total disagrees with its lines is rejected, a price mismatch is flagged but never rejects a printed memo, and coordinates outside Bangladesh are flagged",new-required,new,,,,backend-core,T1
F-SYS-063,"Retention, archival and partition job",BUILD,SYS,backend,M,6,6,N-006,"Monthly partitions are created three months ahead, the job writes a manifest and never drops a partition in this build",sponsor,new,,,,backend-core,T1
F-SYS-064,"Async export job (Excel, PDF, print)",BUILD,SYS,backend,M,6,5,F-API-017,"A 200,000-row export runs as a background job, returns a download link, the xlsx holds the same rows as the screen and formula-injection characters are escaped",new-required,new,,,,backend-reports,T2
F-SYS-065,Apsis-shape export for rollback,DROP,SYS,,,,,,,,new,,,"Cutover work, outside this build.",,
F-SYS-066,Credential migration at cutover,DROP,SYS,,,,,,,,new,,,"Apsis migration, outside this build.",,
F-SYS-067,Bundle pre-generation and D+1 pre-fetch,BUILD,SYS,backend,M,6,6,F-API-005,"A 22:00 snapshot for the next day exists for every active user and the morning download serves it with ETag and 304; 8,500 simulated bundles finish inside the load-test budget",sponsor,new,,,,backend-reports,T1
F-SYS-068,Opening-balance provenance,DROP,SYS,,,,,,,,new,,,No import in this build; any opening dues are loaded as ordinary due adjustments (F-ADM-036).,,
F-SYS-069,Memo sequence gap report,BUILD,SYS,backend,S,5,5,F-SYS-027,A number deliberately removed from a seeded sequence appears in the nightly gap detector and a sale_abort record explains a burned number,new-required,new,,,,backend-reports,T2
F-SYS-070,Text normalisation and Bangla collation,BUILD,SYS,shared,M,2,2,N-003,"Bengali digits convert to Western at input and ingest (flagged when changed), phones normalise to 11 digits and the server name_sort_key orders 200 mixed Bangla and Latin outlet names identically in SQLite and PostgreSQL",new-required,new,,,,shared,T1
F-SYS-071,Per-user encrypted local store,BUILD,SYS,android-core,M,6,6,F-SYS-008,"The Room database is encrypted with a per-user Keystore-wrapped key so a copied database file is unreadable, while the APK stays under 30 MB per ABI and the battery gate passes",new-required,new,,,,android-core,T1
F-SYS-072,Device proof and record signatures,BUILD,SYS,android-core,M,3,3,F-SYS-001;N-031,Each batch carries X-Device-Proof signed by the Keystore key registered at bind; a bad signature is flagged in record mode and rejected in enforce mode,sponsor,new,,,,android-core,T1
F-SYS-073,Urgent config push,BUILD,SYS,android-core,S,6,6,N-038,An FCM data message for a kill switch makes the phone pull config after a jittered delay and no FCM message ever triggers an upload,new-required,new,,,,android-core,T1
F-SYS-074,Map component and geocoding,BUILD,SYS,android-core,M,5,5,N-053,"The attendance address resolves online only with coordinates as the fallback, the map provider and tile-cache cap come from config, the map loads only when its screen opens and there is no always-on map in the SR app",changed,changed,,,,android-core,T1
F-SYS-075,Employee-location notice and consent,BUILD,SYS,android-core,S,4,3,F-SYS-001,"The first login shows the Bangla and English location notice, the acceptance is stored and uploaded once, and no sale starts before acceptance when the setting requires it",new-required,new,,,,android-core,T1
F-SYS-076,Importer outlet normalisation and archived stubs,DROP,SYS,,,,,,,,new,,,"Apsis migration, outside this build.",,
F-SYS-077,Parallel-run print and capture mode,DROP,SYS,,,,,,,,new,,,"Cutover work, outside this build.",,
F-SYS-078,Multi-visit and visit-kind policy,BUILD,SYS,backend,S,2,3,F-API-006,"A second visit to one outlet on one day is accepted after a zero sale, the visit kinds sr_call, amo_control_call, amo_joint_call, tso_visit and web_entry are stored, and route KPIs include every active memo",new-required,new,,,,backend-core,T1
F-SYS-079,Check-out and Sales Submit upload jitter,BUILD,SYS,android-core,S,6,6,F-SYS-008,"When the opening of the 17:00 gate is the only reason to upload, the upload starts after a random 0 to 90 s; Manual Sync ignores the delay",sponsor,new,,,,android-core,T1
F-SYS-080,Generation digest and targeted re-send,BUILD,SYS,android-core,M,6,6,F-SYS-047,"After a restore, per-(date,type) counts and 16 bucket hashes identify only the differing rows and only those rows are re-sent",sponsor,new,,,,android-core,T1
F-SYS-081,Daily field telemetry (R4 and R5 evidence),BUILD,SYS,android-core,S,6,6,F-SYS-008,"One object of at most 1 KB a day rides the batch with mobile and Wi-Fi bytes, GPS fixes and battery at 08:00, 12:00 and 17:00 and lands in fact_device_day",sponsor,new,,,,android-core,T1
F-SYS-082,Apsis delta import and the nightly route-day feed,DROP,SYS,,,,,,,,new,,,"Apsis migration, outside this build.",,
F-SYS-083,Switched-route dimension and coverage,DROP,SYS,,,,,,,,new,,,Exists only to compare Apsis and Aron during a cutover.,,
F-SYS-084,Held-rows list,BUILD,SYS,backend,S,6,4,F-SYS-050,"A device with pending rows and no contact for over 4 hours, or with rows after 17:30, appears in the held-rows list with user, route, zone, rows and age",new-required,new,,,,backend-core,T2
F-SYS-085,Wave rollback return path,DROP,SYS,,,,,,,,new,,,"Cutover work, outside this build.",,
F-SYS-086,Route-day and web-entry dirty-key triggers,BUILD,SYS,backend,M,4,3,F-SYS-015,"A change to route_day, final-submit, route-assignment or data-void enqueues its dirty key so the dashboard tile updates within 60 s",sponsor,new,,,,backend-core,T1
F-SYS-087,Late delta DL-1b and DL-2b,DROP,SYS,,,,,,,,new,,,"Cutover work, outside this build.",,
F-SYS-088,Apsis residual detection,DROP,SYS,,,,,,,,new,,,"Cutover work, outside this build.",,
F-SYS-089,Re-sync late window,BUILD,SYS,backend,S,6,6,F-SYS-047,Rows older than the window that are re-sent after a restore are accepted and flagged resync_late and none is quarantined,sponsor,new,,,,backend-core,T1
F-SYS-090,Working-day windows,BUILD,SYS,backend,M,6,6,F-ADM-033,"The stale-bundle age and the backdate window count working days, and after a 5-day break the first morning starts on the pre-fetched snapshot",new-required,new,,,,backend-core,T1
F-SYS-091,Config stamp regress and no-grace tightening,BUILD,SYS,backend,S,6,6,F-SYS-053,A row stamped below a config version the device had already received is flagged config_stamp_regress and the third such row raises the FS-34 signal,sponsor,new,,,,backend-core,T2
F-SYS-092,Resume config check,BUILD,SYS,android-core,S,4,4,F-API-083,"On resume (online, last contact older than the gap) one conditional GET returns 304 or the delta, at most the daily cap, and there is no timer",sponsor,new,,,,android-core,T1
F-SYS-093,Retention hold,DROP,SYS,,,,,,,,new,,,"Compliance process register; this build never drops a partition (F-SYS-063), so nothing needs holding yet.",,
F-SYS-094,Route-day void barrier,BUILD,SYS,backend,S,6,5,F-API-048,"After a data void, unsent rows captured before the void are rejected voided_by_admin and rows captured after it are accepted",sponsor,new,,,,backend-core,T1
F-SYS-095,Device directive channel,DROP,SYS,,,,,,,,new,,,Support-desk tool; PDA to Support (F-SYS-021) and the portal device list cover the day-one need.,,
F-SYS-096,Device-captured facts in dw,BUILD,SYS,backend,M,6,5,F-SYS-015,"Integrity, activity and consent records land in their fact tables and the daily screen-use aggregate equals the activity log",new-required,new,,,,backend-reports,T2
F-SYS-097,Wave straggler reconciliation sheet,DROP,SYS,,,,,,,,new,,,"Cutover process register, outside this build.",,
N-001,"Native Kotlin Android build: Gradle multi-module and three apps (SR, AMO, TSO)",BUILD,SYS,android-core,L,1,1,,"Gradle assembles the three debug APKs (com.aktcl.aron.sr, .amo, .tso); the SR APK installs on the Galaxy A06 and shows the login screen and a home placeholder; login against the Azure API is proven by the Day 1 check",sponsor,n/a,,,,android-core,T1
N-002,"API contract package (OpenAPI 3.1 and JSON schemas): envelope, ERR_ codes, enums, auth, sync record types, bundle shape; generated Kotlin and TypeScript clients",BUILD,SYS,shared,L,1,1,,Contract lint passes; the Kotlin and TypeScript clients regenerate in CI and a deliberate field rename breaks both builds,sponsor,n/a,,,,shared,T1
N-003,"Shared rules v1 (Kotlin Multiplatform): integer milli-taka money, quantity units (sticks, pieces, dozens), memo line and totals, discount lines (sku, qty, value, kind), QC deduction, net formula",BUILD,SYS,shared,L,1,1,,"Golden vectors pass on JVM and on the server: 141.00 + 4,687.50 - 437.50 - 0.00 = 4,391.00; FB 3 x 28.00 = 84.00; totals are summed unrounded and rounded once",sponsor,n/a,,,,shared,T1
N-004,"Shared geofence maths (Kotlin Multiplatform): Haversine, radius resolution order (outlet, zone, geo class, house, territory, division, wing, global), accuracy and mock rules",BUILD,SYS,shared,M,1,1,,Haversine matches 20 reference pairs within 0.5 m; a mocked fix never returns valid; the radius resolves from the most specific scope that has a value,sponsor,n/a,,,,shared,T1
N-005,"Schema v1a (forward-only SQL): identity, geography, product, SKU and price types, outlet, route with visit_kind and visit_days, assignment, user scope, config tables",BUILD,SYS,db,L,1,1,,Migrations apply on an empty PostgreSQL 16 and on the Azure dev database; a second run is a no-op; a checksum guard refuses an edited shipped migration,sponsor,n/a,,,,db,T1
N-006,"Schema v1b: field transactions (visit, geo_fix, attendance, memo, memo_line, stock_movement, QC, DRP, due ledger, task, outlet request, media, ingest_registry, sync_batch, outbox), each with client_uuid, UTC time and business_date",BUILD,SYS,db,L,1,1,,Inserting the same client_uuid twice into any device-originated table violates the unique key; every table has a timestamptz column and a Dhaka business_date column,sponsor,n/a,,,,db,T1
N-007,"Schema v1c: device, enrolment token, policy, app-block list, app release, append-only audit log, notification token, aggregate (dw) tables, dirty-key table",BUILD,SYS,db,M,1,1,N-005,audit_log rejects UPDATE and DELETE; dw tables and the dirty-key table exist; all migrations apply in order on a clean database,sponsor,n/a,,,,db,T1
N-008,"Seed data and test accounts: geography, about 40 SKUs with five price types, routes of kinds Daily, 3F and 2F, SR, AMO, TSO and admin users, 60 outlets with coordinates near the test route",BUILD,SYS,db,M,1,1,N-005;N-006,"After seeding, the seeded SR has three routes (Daily, 3F, 2F) with 60 outlets and the seeded TSO's scope covers them; re-running the seed changes nothing",sponsor,n/a,,,,db,T1
N-009,"Ktor API skeleton: modules, error envelope, request id, health, Postgres pool, migration runner, Key Vault settings, OpenTelemetry",BUILD,SYS,backend,M,1,1,N-002;N-005,GET /health answers from Azure Container Apps through Front Door; an unknown route returns the ERR_ envelope with a request id; no secret is in the repository,sponsor,n/a,,,,backend-core,T2
N-010,"Next.js and Tailwind web skeleton: generated client, login shell, scope-aware layout, bn and en strings, menu driven from data",BUILD,SYS,web-dashboard,M,1,1,N-002,"The web app deploys to Azure, shows the login page, logs in the seeded TSO and renders an empty scoped dashboard shell in Bangla and English",sponsor,n/a,,,,web-dashboard,T1
N-011,"Admin portal skeleton: role-gated route group, table and form kit with a mandatory reason field, generic CRUD page generator",BUILD,SYS,web-admin,M,1,1,N-010,"A generated CRUD page for one seeded table lists, edits and writes an audit row with the reason; a non-admin role gets 403",sponsor,n/a,,,,web-admin,T2
N-012,"Azure infrastructure as code for rg-aron-dev: Front Door and WAF, Container Apps (API and worker), zone-redundant PostgreSQL with pooling, point-in-time restore and geo-redundant backup, Blob, Key Vault, App Insights, budget alert; subscription, region and names as parameters",BUILD,SYS,infra,L,1,1,,One command deploys the whole stack to rg-aron-dev; the deploy identity has rights only on that group (a test deployment to another group is denied); a budget alert exists,sponsor,n/a,,"ENV (docs/28): Front Door/WAF, zone redundancy, geo backup, replica are parameters; OFF in the dev (test) profile",,infra,T1
N-013,"CI/CD on GitHub Actions: build the three APKs, the web app and the API, run all tests, deploy to rg-aron-dev with a restricted identity",BUILD,SYS,infra,L,1,1,N-012,"A push to main builds three APKs and uploads them as artifacts, runs the unit and contract tests, and deploys the API and web app to rg-aron-dev within 15 minutes",sponsor,n/a,,,,infra,T1
N-014,"Test harness: contract tests (Kotlin and TypeScript), scope-leak harness, sync property and fuzz harness skeleton, Android instrumented tests on the emulator and on a phone via adb",BUILD,SYS,qa,M,1,1,N-002;N-009,"The harness runs in CI and fails on a seeded contract mismatch, a seeded cross-scope read and a seeded duplicate sale",sponsor,n/a,,,,qa,T1
N-015,"Day 1 ten-minute check script: adb devices, install the skeleton, log in, API answers from Azure",BUILD,SYS,qa,S,1,1,N-001;F-SYS-001;N-012,"Running the script on the sponsor's laptop prints PASS for: phone listed, APK installed, login succeeded, /health answered from Azure",sponsor,n/a,,,,qa,T2
N-016,"Room database for the SR day: entities, DAOs and repositories for visit, geo_fix, attendance, memo, memo_line, stock_movement, QC, outlet, route and SKU, generated from schema v1b and the contract",BUILD,SYS,android-core,M,1,1,N-002;N-006,A migration test creates every table with a unique client_uuid; inserting the same client_uuid twice is rejected and a seeded SR day loads from a fixture in under a second,sponsor,n/a,,,,android-core,T1
N-017,"Route kinds and day plan: Daily, 3F (three days a week) and 2F (two days a week) as route.visit_kind and visit_days; today's route resolved from the business date and the working calendar; bundle carries the planned routes and the target-outlet count",BUILD,SR,backend,M,1,1,N-008,On a seeded Sunday the Daily and the Sun/Tue/Thu 3F routes are planned and the Mon/Thu 2F route is not; on Friday (weekend) none is planned; the target-outlet count equals the planned routes' outlets,sponsor,n/a,,,,backend-core,T1
N-018,"Bangla memo renderer: Bengali text shaped with the bundled font and rasterised to a 1-bit bitmap at 384 dots for 58 mm; memo, stock slip, day summary and cancel slip as versioned templates; Bengali or Latin digits",BUILD,SR,android-print,L,2,2,N-003;F-SYS-018,The renderer produces the memo bitmap for the seeded sale with correct Bengali conjuncts and digits and matches the stored golden image pixel for pixel on JVM and on the Galaxy A06,sponsor,n/a,,,,android-print,T1
N-019,"Bluetooth printing on the MP-58N: SPP connect, ESC/POS raster in flow-controlled chunks, reconnect, paper-out and disconnect states (same path for RPP02N-class printers)",BUILD,SR,android-print,L,2,2,N-001,A 40-line Bangla memo prints on the MP-58N without cut-off or garbage; switching the printer off mid-print shows the failed state and a retry prints the whole memo once,sponsor,n/a,,,,android-print,T1
N-020,"Print goldens and a physical print test on the MP-58N, compared with the sponsor's photographed sample",BUILD,SR,qa,M,2,2,N-018;N-019,"A memo, a stock slip and a day summary printed on the MP-58N match the sponsor's sample layout (columns, Bangla labels, totals) in a side-by-side photo review",sponsor,n/a,"Printed layouts are not shown in any manual (Q-UI-09); the sponsor must supply photos of a printed memo, stock slip and day summary before Day 2; default: layout from the on-screen memo.",,,qa,T2
N-021,"Location fix manager: one on-demand balanced-power fused fix, reuse of a fix up to 60 s and 30 m old, timeout, accuracy, provider, elapsed realtime, mock flag stamped on every fix; no background location updates",BUILD,SR,android-geo,M,2,2,N-001;N-004,Opening an outlet takes one fix (never a stream): a battery trace over a scripted 60-outlet day shows at most 80 fixes and the mock flag is stored with every fix,sponsor,n/a,,,,android-geo-dpc,T1
N-022,"Day 2 ten-minute check script: airplane mode, check in, sell, print, then network on and the sale appears once on the server",BUILD,SYS,qa,S,2,2,F-SR-028;F-API-006;F-SYS-046;F-SR-011,"The script run on the Galaxy A06 in airplane mode ends with one printed memo and, after the network is enabled, exactly one memo on the server for the seeded SR",sponsor,n/a,,,,qa,T2
N-023,"Shared Compose UI kit: theme, Bengali typography, tile grid, stepper, press-and-hold button, dialogs, empty, error and offline-banner states",BUILD,SYS,android-core,M,2,2,N-001,A kit gallery screen renders every component in Bangla and English at font scale 1.3 on a 360 x 640 dp screen with no truncation and 48 dp touch targets,sponsor,n/a,,,,android-core-ui,T1
N-024,"Sync property and fuzz suite: duplicated, reordered, partial, truncated and killed-mid-batch uploads never create a second sale or double a number; device count equals server count",BUILD,SYS,qa,L,3,3,N-014;F-API-006;F-SYS-008,"10,000 random batch schedules (duplicate, reorder, drop, kill) over a seeded day always end with exactly the device's rows on the server and every total equal",sponsor,n/a,,,,qa,T1
N-025,"GNSS consistency capture: satellite count, signal strength and raw measurements attached to every fix where the phone supports them, with a capability flag per model",BUILD,SYS,android-geo,L,3,3,N-021,"A fix taken on the Galaxy A06, A07 and Honor X5c Plus carries satellite count and signal strength (or an explicit not-supported flag) and the data is in the next batch",sponsor,n/a,,,,android-geo-dpc,T1
N-026,"Play Integrity token request and hardware key attestation on the phone, tied to the device-owner enrolment",BUILD,SYS,android-geo,M,3,3,N-001,At login and enrolment the phone sends a Play Integrity token and an attestation chain; a phone without Google services sends an explicit unavailable marker instead of failing,sponsor,n/a,,,,android-geo-dpc,T1
N-027,Server verification of Play Integrity verdicts and key attestation chains; enrolment gate cfg.device.require_enrolled on attendance and sales ingest,BUILD,SYS,backend,L,3,3,N-026;F-API-006,"With the gate on, a batch from a phone that is not enrolled or fails integrity has its attendance and sales parked with a reason and a supervisor flag; with the gate off they are accepted and flagged",sponsor,n/a,,,,backend-core,T1
N-028,Server GNSS-consistency rules: satellite count and signal strength checked against the claimed position and speed; scored into risk_signal,BUILD,SYS,backend,M,4,3,N-025;F-SYS-013,"A fix claiming an open-sky position with zero satellites, and a fix whose signal strength is identical across 20 visits, each raise a risk signal; a normal fix raises none",sponsor,n/a,,,,backend-core,T1
N-029,"Device-owner policy core: developer options and USB debugging off, unknown sources off, Aron not uninstallable, location permission granted and pinned, approved app list only, factory reset blocked, battery-optimisation exemption for Aron",BUILD,SYS,android-dpc,L,3,3,N-001,"On an enrolled Galaxy A06 the developer-options switch cannot be turned on, Aron cannot be uninstalled, location permission cannot be revoked and a factory reset from Settings is refused",sponsor,n/a,,,,android-geo-dpc,T1
N-030,"Enrolment by QR: device-owner provisioning extras (server URL, one-time token), the handshake that registers the device, fetches the policy and reports compliance",BUILD,SYS,android-dpc,L,3,3,N-031;N-029,"A factory-reset Galaxy A06 scans the QR from the portal, installs Aron, becomes device owner, registers and shows as enrolled and compliant in the portal; a reused token is refused",sponsor,n/a,,,,android-geo-dpc,T1
N-031,"Enrolment and policy service: single-use expiring enrolment tokens, device registry, policy delivery, compliance reports",BUILD,SYS,backend,M,3,3,N-007;N-009,"A token works once and expires; the device record shows model, Android version, policy version and last compliance report; revoking a device blocks sync but keeps local capture; with the gate on, a phone wiped outside the process cannot log in until it is enrolled again",sponsor,n/a,,,,backend-reports,T1
N-032,"Scheduled app blocking: the configured apps are suspended at check-in and released at check-out, applied on the phone from a cached list so it works offline, and survives reboot and force-stop",BUILD,SYS,android-dpc,L,3,3,N-029;F-SR-011,"On an enrolled phone check-in suspends Facebook, Instagram, TikTok, YouTube, Snapchat and games while phone, SMS, Maps and camera stay available, in airplane mode and after a reboot; check-out releases them",sponsor,n/a,,,,android-geo-dpc,T1
N-033,App-block list service: versioned list delivered through config to enrolled phones,BUILD,SYS,backend,S,3,3,N-007;F-API-037,Changing the list in the database is delivered to an enrolled phone at its next sync and the phone confirms the list version,sponsor,n/a,,,,backend-core,T1
N-034,"Managed app update on enrolled phones: silent install through a package-installer session with SHA-256 check, replacing the unknown-sources path",BUILD,SYS,android-dpc,M,4,3,N-029;F-API-029,"A newer SR build published in the portal installs on an enrolled phone without the unknown-sources prompt, keeps pending rows and the device-owner status, and a wrong checksum is refused",sponsor,n/a,,,,android-geo-dpc,T1
N-035,"Low-power breadcrumbs: optional, admin-set (off by default), batched, passive or low-power fused fixes with a minimum displacement, uploaded in batches under a battery cap",BUILD,SYS,android-geo,M,3,3,N-021;F-SYS-011,"With breadcrumbs on at 10 minutes, an 8-hour scripted day adds at most 48 points and under 1 percent battery on the Galaxy A06; with the setting off no extra fix is ever taken",sponsor,n/a,,,,android-geo-dpc,T1
N-036,"Breadcrumb ingest and storage in a partitioned table, feeding the team-location read",BUILD,SYS,backend,S,2,3,N-006;F-API-006,Breadcrumb points in a batch are stored once by client_uuid; the last point per user is returned by the team-location read with its age,sponsor,n/a,,,,backend-core,T1
N-037,"Push service (Firebase Cloud Messaging): device tokens, task-assigned push, data-only nudge, Bangla text, cfg.notify switches",BUILD,SYS,backend,M,2,3,N-007;F-API-026,"An AMO assigning a task sends one push to the SR's registered phone within 30 seconds; the push carries no task data, the task itself arrives with the next sync",sponsor,n/a,,,,backend-core,T1
N-038,"Push on the phone: notification channel, Bangla text, tap opens Tasks, nudge triggers one sync, no polling",BUILD,SYS,android-core,M,3,3,N-037;N-001,A task push shows the Bangla notification on the Galaxy A06 (also with the screen off and with the app force-stopped by Samsung battery saver exempted); tapping opens the task list showing the task,sponsor,n/a,,,,android-core,T1
N-039,"Anti-spoofing acceptance tests: at least five well-known mock-location apps and one app-cloning tool tried on the Galaxy A06, A07 and Honor X5c Plus, before and after enrolment, each result reported",BUILD,SYS,qa,L,3,3,N-029;N-025;F-SYS-012,"A written report lists each tool and phone before and after enrolment; after enrolment each spoofing app cannot be installed or switched on, and where one runs the visit is refused and flagged",sponsor,n/a,,,,qa,T1
N-040,Outlet menu fourth tile Cluster: change-cluster outlet request from the SR app,BUILD,SR,android-sr,M,4,3,F-SR-039;F-SR-079,The Outlet menu shows four tiles in the screenshot order; Cluster lets the SR pick an outlet and a new cluster with a reason and queues an outlet_change_request of type cluster offline,screenshot,n/a,"Cluster tile behaviour UNKNOWN (UI-SR-40); assumed: an outlet change request of type cluster, verified by the AMO then approved on the web, route unchanged, cluster history kept.",,,android-sr-a,T2
N-041,"SR app Google Maps view on demand: outlet pin, geofence circle and the phone's position on the out-of-range screen",BUILD,SR,android-sr,M,5,3,F-SR-017,"On the out-of-range screen the SR taps Map and sees the outlet pin, the radius circle and own position; the map loads only on tap and a map failure never blocks Force Sale",sponsor,n/a,,,,android-sr-a,T1
N-042,Developer-verification check: a release-signed APK installs and updates on an enrolled phone without Google Play,BUILD,SYS,qa,S,4,3,N-029,"A release-signed SR APK installs and upgrades on the enrolled Galaxy A06, A07 and Honor X5c Plus and the result is logged against Google's September 2026 rule",sponsor,n/a,,,,qa,T1
N-043,"Day 3 ten-minute check script: the spoofing apps are refused, check-in suspends the chosen apps, check-out releases them",BUILD,SYS,qa,S,3,3,N-039;N-032,"The script run on an enrolled phone prints PASS for refused spoofing apps, suspended apps after check-in and released apps after check-out",sponsor,n/a,,,,qa,T1
N-044,"Cluster request handling on the server: request type cluster, verification and approval, cluster history so past sales keep the cluster they were made in",BUILD,SR,backend,S,5,4,N-040;F-API-055,"Approving a cluster request changes the outlet's current cluster, writes a history row and leaves yesterday's memos in the old cluster",screenshot,n/a,Cluster behaviour UNKNOWN (UI-SR-40); see the Cluster tile row.,,,backend-core,T2
N-045,"Enrolment QR page in the admin portal: QR generator (per zone or batch, token expiry) and the enrolled-device list with compliance state",BUILD,ADM,web-admin,L,4,4,N-031;N-011,"The portal produces a QR that enrols a factory-reset phone; the device list shows model, policy version and compliance for it within a minute",sponsor,n/a,,,,web-config,T1
N-046,"App-block list page in the admin portal: package names, groups, allow-list and the default categories",BUILD,ADM,web-admin,M,4,4,N-033;N-011,Adding a package to the block list in the portal makes the enrolled phone suspend it at its next check-in; the default list matches docs/23 question 1,sponsor,n/a,"Which apps to block is a sponsor decision (docs/23 Q1); default: Facebook, Instagram, TikTok, YouTube, Snapchat and games blocked; WhatsApp and Messenger allowed; phone, SMS, Maps and camera always allowed.",,,web-config,T1
N-047,"Google Maps in the web: loader, map component, key restrictions and a daily cost guard, used by the dashboard FF Geo Location tile, the geofence page and team location",BUILD,WEB,web-dashboard,M,4,4,N-010,"The map component renders seeded outlet pins and fixes in the dashboard, loads only on pages that need it, and the cost guard stops requests above the daily cap",sponsor,n/a,,,,web-dashboard,T1
N-048,"Report handlers batch A (STD Memo, SR Efficiency, Route-wise STD, Route-wise Memo, CPR and BSR, By Outlet, By Outlet By Day, Online/Offline, Task Planner, By-Route Geo Capture)",BUILD,WEB,backend,L,4,4,F-API-017;F-SYS-015,"Each handler returns the seeded day's rows equal to hand-computed control totals, scoped to the caller, in json and xlsx",sponsor,n/a,,,,backend-reports,T2
N-049,Phase 2 hooks: a stable external reference on every record and a transactional domain-event outbox that later portals can subscribe to,BUILD,SYS,backend,M,6,4,F-API-006;N-007,Every ingested record has a stable external reference and a domain event is written in the same transaction; a test subscriber reads memo_created events in order with no gaps and no duplicates,sponsor,n/a,,,,backend-admin,T1
N-050,Day 4 ten-minute check script: change the radius in the portal and the phone obeys at its next sync,BUILD,SYS,qa,S,4,4,F-ADM-039;F-SYS-053,The script changes the radius from 100 m to 50 m in the portal and the next visit on the phone is stamped with 50 m and judged by it,sponsor,n/a,,,,qa,T1
N-051,"Report handlers batch B (Data Entry Log, Final Submit Log, GIGO, DSS, DS-RRS, Top Sheet, Daily Tracking, Leaderboard, AMO Call Report, SR Outlets, Discount, Free Sample)",BUILD,WEB,backend,L,5,5,F-API-017;F-SYS-015,"Each handler returns the seeded day's rows equal to hand-computed control totals, scoped to the caller, in json and xlsx",sponsor,n/a,,,,backend-reports,T1
N-052,"Report handlers batch C (QC reports, Target reports, Astha, Campaign Gift, Diamond League, Superstar, Memo-number gaps)",BUILD,WEB,backend,M,4,5,F-API-017;F-SYS-015,"Each handler returns the seeded data equal to hand-computed control totals, scoped to the caller, in json and xlsx",sponsor,n/a,,"TRIM (docs/27): no Target, Astha, Campaign Gift, Diamond League or Superstar report handlers",,backend-reports,T2
N-053,"Google Maps SDK component for the AMO and TSO apps: lite mode, loaded only when its screen opens, bounded tile cache, list fallback offline",BUILD,SYS,android-amo,M,4,5,N-001,"The map screen opens only from its tile, uses lite mode, and with the network off falls back to the last cached list with the age of each fix",sponsor,n/a,,,,android-amo,T2
N-054,"Load-test data generator: 8,500 synthetic users, about 4.6 lakh outlets, routes of the three kinds, a replayable day of calls and visits on a scratch database",BUILD,SYS,qa,M,5,5,N-006;N-008,"The generator fills a scratch database with 8,500 users and 4.6 lakh outlets in under 30 minutes and replays one synthetic day of traffic through the batch endpoint",sponsor,n/a,,"ENV (docs/28): generator supports any size; run small here, 8,500 users in the final account",,qa,T1
N-055,Day 5 ten-minute check script: an AMO verifies an outlet request and a TSO closes a zone-day,BUILD,SYS,qa,S,5,5,F-AMO-022;F-TSO-010,"The script runs the SR request, AMO verification, web approval and the TSO Final Submit and prints PASS for each step",sponsor,n/a,,,,qa,T2
N-056,"Admission control and backpressure: 429 with Retry-After and jitter, buffered ingest, dashboards shed first, connection pooling limits",BUILD,SYS,backend,M,6,6,F-API-006;F-API-014,"Under a 3 x burst the ingest returns 429 with Retry-After instead of errors, no accepted row is lost, and the dashboard endpoints shed before ingest does",sponsor,n/a,,,,backend-reports,T1
N-057,Autoscaling rules and a read replica for dashboards; pooling tuned,BUILD,SYS,infra,M,6,6,N-012,During the load test the API scales out within 2 minutes and the dashboard queries run on the replica; killing one API instance loses no accepted write,sponsor,n/a,,ENV (docs/28): autoscaling rules and read replica written as parameters; enabled only in the prod (final) profile,,infra,T1
N-058,"Load and chaos test on Azure Load Testing: design point (4.5 lakh calls and 5 lakh visits a day, 8,500 users, morning download storm, evening upload storm, the 17:00 wave), then 12,750 users and a 3 x burst, with one instance killed",BUILD,SYS,qa,L,6,6,N-056;N-057;F-SYS-067;N-054,"The report shows no lost or duplicated rows, dashboard p95 at most one second throughout, and no sale blocked",sponsor,n/a,,ENV (docs/28): small smoke test here; the 1.5x fleet and burst test run in the final account,,qa,T2
N-059,Database failover and point-in-time restore drills with a row-by-row reconciliation of device and server rows,BUILD,SYS,qa,L,6,6,N-056;N-057;F-SYS-047,After a zone failover and a restore the reconciliation shows zero missing and zero duplicated rows once devices re-send,sponsor,n/a,,ENV (docs/28): point-in-time restore drill here; failover drill and reconciliation at scale in the final account (needs HA),,qa,T2
N-060,"Battery and data runs: a scripted 8-hour day on the Galaxy A06, A07 and Honor X5c Plus with the device-owner policy and battery-saver exemptions",BUILD,SYS,qa,M,6,6,N-039;F-SYS-081;N-035,"Non-screen drain is at most 6 percent of the battery over 8 hours, at most 80 GPS fixes, at most 1 MB a day of mobile data without photos and 3 MB with them",sponsor,n/a,,,,qa,T1
N-061,"Security review: scope-leak harness over every endpoint, secrets scan, dependency scan, token and device-proof tests, MASVS-style checks on the three APKs",BUILD,SYS,qa,L,6,6,N-014;F-SYS-005;F-SYS-072,No endpoint returns a row outside the caller's scope across the full harness; no secret or key is in the repository or APKs; all critical findings are fixed or ticketed,sponsor,n/a,,,,qa,T1
N-062,"Observability: App Insights dashboards, sync-health and error alerts, budget alert checked, release markers",BUILD,SYS,infra,M,6,6,N-012;F-SYS-026,A seeded error and a seeded stuck batch each raise an alert within 5 minutes and appear on the dashboard,sponsor,n/a,,,,infra,T1
N-063,Day 6 ten-minute check script: read the load report and the battery log,BUILD,SYS,qa,S,6,6,N-058;N-060,The script opens the load report and the 8-hour battery log and prints the pass or fail of each budget,sponsor,n/a,,,,qa,T2
N-064,"Release candidate: signed release APKs for the three apps, release manifest, web and API release, published to the release store",BUILD,SYS,infra,M,7,7,N-013;F-ADM-027,The three signed release APKs install on enrolled phones and an upgrade from the Day 5 build preserves pending rows,sponsor,n/a,,,,infra,T1
N-065,"Field-test script and checklist: a real route with printed memos, supervisor checks, spoofing and blocking checks",BUILD,SYS,qa,M,7,7,N-064,"The sponsor runs the script on a real route and every line passes or is logged as a defect with the phone, time and photo",sponsor,n/a,,,,qa,T1
N-066,Day 7 ten-minute check script: install the release candidate and print a memo,BUILD,SYS,qa,S,7,7,N-064,The script installs the release candidate on an enrolled phone and prints one memo on the MP-58N,sponsor,n/a,,,,qa,T2
AUD-DG-03,"The Android delivery path cannot yet produce an installable, upgradeable or measurable build; signed release is scheduled for Day 7",BUILD,AUD,audit,M,3,3,,"Done when the recommendation is applied and tested: Infra lane plus android-core, doable in the test account now (the signing key and its backup already exist). (1) ci.yml passes -Paron.apiBaseUrl=<dev Front Door origin> and -Paron.versionCode=${{ github.run_number }} to the debug build; this is a small change that unblocks D-01. (2) android-core adds a signingConfig fed by env vars. Infra adds release-app.yml on tag app-v*: signed per-ABI APKs for the three apps, SHA-256 manifest, GitHub Release. Move N-064's signing half to Day 3 or 4. (3) Install the three device-lab phones once with a release-signed build before the Day 6 battery and cold-start runs, so there is no debug-to-release switch later (a device-owner phone likely needs a reset to switch signer). (4) Correct docs/30 s5 item 2. Do not re-add the size gate; it exists. Details and evidence: docs/audit/2026-10-07-enterprise-bar-audit.md, section DG-03.",enterprise-bar audit 2026-10-07,,,"severity high, verdict partly; apply the corrected recommendation; test-account doable",,infra,T1
AUD-DG-04,"Rollback and deploy safety are described but not built: traffic goes 100 % to the new revision before the smoke test, the smoke test is shallow, and no rollback",BUILD,AUD,audit,M,6,6,,"Done when the recommendation is applied and tested: Infra lane, in dev: (a) add a `rollback` input to deploy.yml and deploy.sh that bypasses the ancestor guard and skips migrations (the forward-only expand/contract schema keeps the old image working) and redeploys a chosen earlier SHA; (b) extend smoke.sh to assert build == deployed SHA, /v1/health/ready == 200 and the web /login page; (c) write docs/runbooks/rollback-bad-deploy.md and rollback-bad-migration.md (the latter pointing at the N-059 restore drill); (d) add one backlog row for a dev rollback drill before the Day 6 gate. Leave 0 % revisions and canary weights for the final-account staging, as infra/README.md:160 says. Details and evidence: docs/audit/2026-10-07-enterprise-bar-audit.md, section DG-04.",enterprise-bar audit 2026-10-07,,,"severity medium, verdict partly; apply the corrected recommendation; test-account doable",,infra,T1
AUD-DG-06,"Deployed images are rebuilt on the deploy runner, not the artifact CI tested; tags are mutable and ACR has no retention",BUILD,AUD,audit,M,6,6,,"Done when the recommendation is applied and tested: Infra lane, small: have deploy.sh record the pushed digest in the step summary and deploy by digest (`repo@sha256:...`); lock pushed tags (write-enabled=false) or deploy by digest so a tag cannot be overwritten; add a scheduled ACR purge that keeps the last N tags. Defer build-once-and-promote and signing to the final-account move, where staging and prod make it matter. Details and evidence: docs/audit/2026-10-07-enterprise-bar-audit.md, section DG-06.",enterprise-bar audit 2026-10-07,,,"severity medium, verdict partly; apply the corrected recommendation; test-account doable",,infra,T1
AUD-DG-07,"The deploy lock is check-then-act and does not cover the image build, so overlapping deploys can leave an older commit live",BUILD,AUD,audit,S,4,4,,"Done when the recommendation is applied and tested: Infra lane, smallest fix: in deploy.sh re-run the ancestor guard (re-read the deployed image) immediately before the migrate stage and again immediately before the aron-apps stage, and exit 0 ""Skipped"" if a newer commit is live; keep the ARM check as a second guard. The finder's alternative (a separate workflow_run deploy workflow with concurrency group deploy-dev and cancel-in-progress false) also works, but it restructures the CI-gates-deploy flow and is not needed for this fix. Details and evidence: docs/audit/2026-10-07-enterprise-bar-audit.md, section DG-07.",enterprise-bar audit 2026-10-07,,,"severity medium, verdict real; apply the corrected recommendation; test-account doable",,infra,T1
AUD-DG-08,"Promotion and environment plumbing is inconsistent, and docs/30 reports files as written that do not exist",BUILD,AUD,audit,M,6,6,,"Done when the recommendation is applied and tested: Infra lane. Now, as file edits only: remove `prod` from the deploy.yml dispatch options until the final account exists; make the governance script and bootstrap-azure.ps1 use one set of names, with azure-prod getting the required reviewer and a main-only branch policy, and drop the unused staging and prod environments; correct docs/30 s5 item 2 to say what exists. Defer writing stage.bicepparam and promote-prod.yml to the final-account move, since they cannot be validated now; release-app.yml belongs to DG-03. Details and evidence: docs/audit/2026-10-07-enterprise-bar-audit.md, section DG-08.",enterprise-bar audit 2026-10-07,,,"severity medium, verdict partly; apply the corrected recommendation; test-account doable",,infra,T1
AUD-PERF-01,Per-row dynamic-SQL uniqueness trigger probes every monthly partition on the hottest insert path,BUILD,AUD,audit,M,4,4,,"Done when the recommendation is applied and tested: db lane: first add the proposed perf test (about 17 partitions, a few million memo_line rows, 200-row batches of visit, memo and memo_line; fail above 60 ms p95 on PostgreSQL 16) and record the number in docs/status/db.md. If it fails, do not drop the permanent invariant. Replace the per-row dynamic-SQL trigger with a set-based check: a statement-level AFTER INSERT trigger with a transition table, or one batched check in the ingest statement (verify transition tables on partitioned tables on PG16). That is one plan per statement, not per row. If the lead would rather rely on the registry alone, record that as an explicit decision in DECISIONS.md. The decision must state that registry TTL 45 days plus the business_date window is the only protection after day 45. Ship it in V0014 or later. Details and evidence: docs/audit/2026-10-07-enterprise-bar-audit.md, section PERF-01.",enterprise-bar audit 2026-10-07,,,"severity high, verdict partly; apply the corrected recommendation; test-account doable",,db,T1
AUD-PERF-02,"Blocking JDBC runs on the Ktor call threads (guard, outlets, reach); health shares those threads; no request timeout or in-flight limiter",BUILD,AUD,audit,M,4,4,,"Done when the recommendation is applied and tested: backend-core, before F-API-006 (the server ingest; the finding's F-SYS-008 is the Android uploader) is written. (1) Add one platform helper, for example Database.blocking{}, that runs JDBI on a bounded dispatcher (limitedParallelism of the pool size). Use it in AuthGuard and the stores, the reach resolver and every route, with an arch test that fails on jdbi calls in route lambdas outside it. (2) Install RequestTimeout 25 s (docs/18 s4.3) mapped to 503 with Retry-After. (3) Map SQLTransientException, Hikari pool timeout and SQLSTATE 57014, 55P03, 57P01, 08xxx and 40001/40P01 in StatusPages to ERR_SERVICE_UNAVAILABLE with a jittered Retry-After, never 500. (4) Add the stall test: with the Hikari pool starved, GET /v1/health answers under 200 ms, /health/ready returns 503, and a data route returns 503 within its timeout. The L3 in-flight  Details and evidence: docs/audit/2026-10-07-enterprise-bar-audit.md, section PERF-02.",enterprise-bar audit 2026-10-07,,,"severity high, verdict real; apply the corrected recommendation; test-account doable",,backend-core,T1
AUD-PERF-03,"No statement_timeout or lock_timeout anywhere, and every service connects as the database admin login",BUILD,AUD,audit,M,6,6,,"Done when the recommendation is applied and tested: infra (quick win now, test account): add statement_timeout 15000 and lock_timeout 3000 to baseSettings in infra/modules/postgres.bicep. Give the direct-URL consumers explicit overrides: Flyway and the worker connection init set statement_timeout 0 and 10 min. backend-core: ensure 57014 and 55P03 reach the 503 mapping from PERF-02, and add the qa test that pg_sleep(20) through the API pool is cancelled at 15 s and surfaces as 503 with Retry-After. lead: add a backlog row so the docs/16 s13.4b role split (NOLOGIN privilege roles, app_api/app_auth/app_worker logins, per-role ALTER ROLE timeouts, URLs off the admin login) is scheduled for db and infra before the move to the final account, rather than left as a loose follow-up. Details and evidence: docs/audit/2026-10-07-enterprise-bar-audit.md, section PERF-03.",enterprise-bar audit 2026-10-07,,,"severity medium, verdict partly; apply the corrected recommendation; test-account doable",,db,T1
AUD-PERF-04,"The phone speed gates (cold start 2.5 s, sale save 300 ms, scroll smoothness, APK size) have no tooling, no backlog row and no CI job",BUILD,AUD,audit,M,6,6,,"Done when the recommendation is applied and tested: android-core with qa: add an :android:benchmark module with a baseline-profile generator wired into the SR, AMO and TSO release builds and a macrobenchmark cold-start test (gate 2.5 s). Add a recordSale benchmark on SQLCipher (gate 300 ms) and a JankStats readout for the 200-outlet and 60-SKU lists as those screens land. Run on a Gradle Managed Device or CI emulator for regressions and on the owner's A06 over adb for the real numbers. lead: add docs/25 rows with first numbers due Day 3. Drop the APK-size item from the recommendation; instead extend the existing size gate to the AMO and TSO release APKs when their release builds exist. Details and evidence: docs/audit/2026-10-07-enterprise-bar-audit.md, section PERF-04.",enterprise-bar audit 2026-10-07,,,"severity medium, verdict partly; apply the corrected recommendation; test-account doable",,android-core,T1
AUD-PERF-05,"Cold start does Keystore decrypts on the main thread, and the SQLCipher key format will pay a 256k-iteration KDF on every open",BUILD,AUD,audit,S,4,4,,"Done when the recommendation is applied and tested: android-core, at F-SYS-006 wiring and before the first enrolment: pass the random key in raw form (the x'<64 hex>' blob) so SQLCipher skips the KDF, and document the key format in DECISIONS.md. Restore the session off the main thread (a Restoring state behind the splash) and cache the Keystore SecretKey in KeystoreSecretCipher. Add debug-build StrictMode with penaltyDeath for disk and network on the main thread, and time the first SQLCipher open and session restore on the A06 in the device check. Details and evidence: docs/audit/2026-10-07-enterprise-bar-audit.md, section PERF-05.",enterprise-bar audit 2026-10-07,,,"severity high, verdict real; apply the corrected recommendation; test-account doable",,android-core,T1
AUD-PERF-06,"Phone bundle path holds the whole body as a String twice, has no page or delta client, and rewrites all reference rows on every apply",BUILD,AUD,audit,M,6,6,,"Done when the recommendation is applied and tested: android-core and lead: do not open a rewrite now. Fold the AMO-shape requirement into the F-SYS-006 and F-AMO-044 acceptance text: decode from response.body.source() without keeping the body twice, page loop and delta apply as upserts plus tombstones in chunks of at most 500 rows, and an AMO-shape test (54 routes, about 6,000 outlets, Bangla names) with a heap ceiling and a 1.5 s apply budget. Assign the client page loop to android-core (core-sync) explicitly in docs/25. Making the decode streaming while F-SYS-006 is still being written is cheap. Details and evidence: docs/audit/2026-10-07-enterprise-bar-audit.md, section PERF-06.",enterprise-bar audit 2026-10-07,,,"severity medium, verdict partly; apply the corrected recommendation; test-account doable",,android-core,T1
AUD-PERF-07,"Outlet search is an unindexed ILIKE '%q%', and PG_TRGM is not allow-listed on Azure so the planned trigram index would fail to deploy",BUILD,AUD,audit,S,6,6,,"Done when the recommendation is applied and tested: infra: add PG_TRGM (and CITEXT only if the db lane needs it) to azure.extensions in infra/modules/postgres.bicep before the migration deploys. db lane: V0014 or later with CREATE EXTENSION pg_trgm and GIN gin_trgm_ops indexes on outlet.name, outlet.code and name_bn if searched, checked by squawk. backend-admin: raise the minimum q to 3 characters (trigram needs 3), keep the 500-row cap, and add an EXPLAIN-based test on a 500k-row seed asserting the GIN index is used. Using readJdbi is optional and only matters once a replica exists (final account). Details and evidence: docs/audit/2026-10-07-enterprise-bar-audit.md, section PERF-07.",enterprise-bar audit 2026-10-07,,,"severity medium, verdict real; apply the corrected recommendation; test-account doable",,db,T1
AUD-PERF-08,"Redundant and likely-unused indexes multiply write cost on the hot capture tables, and nothing in CI detects them",BUILD,AUD,audit,S,6,6,,"Done when the recommendation is applied and tested: db lane: in V0014 or later drop only the provable prefix duplicates: memo_no_lookup and memo_discount's standalone (business_date). Add a pg_index test that fails on prefix-duplicate indexes. Leave the other standalone business_date indexes until the first dev load run (N-054, small size) shows pg_stat_user_indexes scans; then drop zero-scan ones or replace them with BRIN. Record WAL bytes per memo before and after in docs/status/db.md. Details and evidence: docs/audit/2026-10-07-enterprise-bar-audit.md, section PERF-08.",enterprise-bar audit 2026-10-07,,,"severity medium, verdict partly; apply the corrected recommendation; test-account doable",,db,T1
AUD-REL-01,"A PostgreSQL outage or failover makes every API request, including the liveness and startup probes, block 5 s and restarts the replicas",BUILD,AUD,audit,S,3,3,,"Done when the recommendation is applied and tested: backend-core: remove the database from the request path. Skip the config lookup for /v1/health (one-line immediate fix) and make DbServerConfig refresh in a single-flight background loop with failure back-off that bumps the retry time on failure and serves the last good or default value. Add a test with a real Hikari pool against a closed port that asserts /v1/health answers in under 100 ms with a stale cache. infra: set explicit timeoutSeconds of 3 to 5 s on the api probes. Land this before the forced-failover rehearsal and before any nightly PostgreSQL stop is built. Details and evidence: docs/audit/2026-10-07-enterprise-bar-audit.md, section REL-01.",enterprise-bar audit 2026-10-07,,,"severity high, verdict real; apply the corrected recommendation; test-account doable",,backend-core,T1
AUD-REL-02,"Database and dependency failures are answered as 500 ERR_INTERNAL, which the phone treats as a poison row, instead of 503 with Retry-After",BUILD,AUD,audit,M,3,3,,"Done when the recommendation is applied and tested: backend-core: add a platform-level mapper for pool-timeout, connection and transient SQLSTATE errors that answers ERR_SERVICE_UNAVAILABLE with a jittered Retry-After (5-30 s), logs at WARN with no stack trace, and never answers ERR_INTERNAL. Add a 25 s request timeout that answers 503. Add one bounded in-request retry (3 attempts, 20-100 ms jitter, 10 s total) for idempotent transaction bodies in the shared transaction helper that F-API-006 will use. Add tests with the database stopped. Tell android-core and the sync owner that the client must not bisect on 503. Drop the 'separate readiness pool' item. Details and evidence: docs/audit/2026-10-07-enterprise-bar-audit.md, section REL-02.",enterprise-bar audit 2026-10-07,,,"severity high, verdict real; apply the corrected recommendation; test-account doable",,backend-core,T1
AUD-REL-03,"The timeout ladder and the separate database roles do not exist: api, worker and migrate all log in as the server admin with no statement or lock timeouts",BUILD,AUD,audit,M,4,4,,"Done when the recommendation is applied and tested: db with infra: add a backlog row now (the lead assigns it) for one forward-only migration. It creates the docs/16 s13.4 roles (api_rw, worker_rw, web_ro, bi_reader at minimum; migrator owns the schema) and sets per-role statement_timeout (api 15 s, auth 5 s, worker 10 min), lock_timeout 3 s and idle_in_transaction_session_timeout. keyvault.bicep and seed-secrets.sh then write per-role passwords so the admin login is used only for bootstrap. Run Flyway with a lock_timeout and retry on 55P03. Prove it with a test that a runtime role cannot DROP and that a long query is cancelled at its limit. Leave the squawk lint to docs/31 s2. Details and evidence: docs/audit/2026-10-07-enterprise-bar-audit.md, section REL-03.",enterprise-bar audit 2026-10-07,,,"severity high, verdict partly; apply the corrected recommendation; test-account doable",,db,T1
AUD-REL-04,"Alerting is almost empty: nothing fires if the API, the database or the worker is down, and the only alert row sits on Day 6",BUILD,AUD,audit,M,6,6,,"Done when the recommendation is applied and tested: infra: pull forward only the cheap, application-metric-free alerts from N-062 now: Container Apps Requests metric filtered on 5xx, a RestartCount and Replicas alert for api, worker and web, PostgreSQL is_db_alive and HA state (the dev rehearsal server has HA), and a Service Health plus Resource Health activity-log alert. Put an owner and a runbook id in every description. Keep the Front Door, SMS and voice, and application-metric alerts for N-062 and T-7-55. Prove it with one seeded failure (stop the api or PostgreSQL briefly on dev) once REL-01 is fixed. Details and evidence: docs/audit/2026-10-07-enterprise-bar-audit.md, section REL-04.",enterprise-bar audit 2026-10-07,,,"severity medium, verdict partly; apply the corrected recommendation; test-account doable",,infra,T1
AUD-REL-05,"There are no runbooks, no backlog row to write them, and the failover and restore drills are scheduled for the last day of the rehearsal resources",BUILD,AUD,audit,M,6,6,,"Done when the recommendation is applied and tested: lead with infra: add one backlog row for docs/runbooks (RB-01, RB-02, RB-14 first, RB-52 after the final account) written from the s5a drill results, each with commands, owner and measured time. Make the s5a forced-failover and PITR drill a dated infra deliverable before the 2026-10-10 decision. Run it after the REL-01 fix, or deliberately before it to confirm the defect and record the time to recover. State the temporary restore server's cost to the owner and delete it the same hour. Leave the device row-by-row reconciliation in N-059. Details and evidence: docs/audit/2026-10-07-enterprise-bar-audit.md, section REL-05.",enterprise-bar audit 2026-10-07,,,"severity medium, verdict partly; apply the corrected recommendation; test-account doable",,infra,T1
AUD-REL-06,"A bad deploy has no fast rollback and a weak health gate: single-revision mode, smoke test on liveness only, and migrations with no restore point",BUILD,AUD,audit,M,6,6,,"Done when the recommendation is applied and tested: infra: parameterise activeRevisionsMode (Multiple with a label or weight step for the prod profile only, as docs/30 s3 says, when metrics exist) and do not change dev. Cheap change now: make smoke.sh also call /v1/health/ready and fail with the response. Document the dev rollback (revert commit, or workflow_dispatch with a named SHA) in the RB-01 runbook. Record the PITR 'now' timestamp in the deploy summary before the migrate job. Add the Dhaka deploy-window refusal when real users exist. Details and evidence: docs/audit/2026-10-07-enterprise-bar-audit.md, section REL-06.",enterprise-bar audit 2026-10-07,,,"severity medium, verdict partly; apply the corrected recommendation; test-account doable",,infra,T1
AUD-REL-07,"Shutdown cuts in-flight requests after 5 s: no graceful drain on deploy, scale-in or restart",BUILD,AUD,audit,S,4,4,,"Done when the recommendation is applied and tested: backend-core: fold into the F-API-006 ingest work. Set shutdownGracePeriod about 3 s and shutdownTimeout about 25 s. Add an ApplicationStopping hook that flips a draining flag so /v1/health/ready answers 503 at once, waits for in-flight calls, then closes Database. Add a SIGTERM-while-a-slow-handler-runs test. The worker gets the same hook when the job loop is added. No infra change is needed. Details and evidence: docs/audit/2026-10-07-enterprise-bar-audit.md, section REL-07.",enterprise-bar audit 2026-10-07,,,"severity medium, verdict partly; apply the corrected recommendation; test-account doable",,backend-core,T1
AUD-REL-08,"The observability base is thin: no aron_* metrics, a non-JSON console log with raw paths, and a worker that is a placeholder with no probe or heartbeat",BUILD,AUD,audit,M,6,6,,"Done when the recommendation is applied and tested: backend-core, small and now: switch logback to a JSON encoder (one line per event, stack trace as one field), log the route template instead of the raw path, hash user_id and device_id per D-136, add app_version and revision, and add the PII scrub test. Leave the aron_* metrics, the worker heartbeat and probe, and the log-workspace split to N-062 and the analytics worker row. Reply to item 8 of docs/requests/infra-backend-runtime.md once names are fixed. Details and evidence: docs/audit/2026-10-07-enterprise-bar-audit.md, section REL-08.",enterprise-bar audit 2026-10-07,,,"severity medium, verdict partly; apply the corrected recommendation; test-account doable",,backend-core,T1
AUD-DA-01,Outbox and dirty-key queue cannot deliver in commit order: events can be skipped permanently; payloads are unversioned; no dead letter,BUILD,AUD,audit,M,4,4,,"Done when the recommendation is applied and tested: db lane, one expand-only V0014 before F-API-006 lands (backend-core must write events through it). (a) app.domain_event: add tx_id xid8 NOT NULL DEFAULT pg_current_xact_id() and payload_version smallint NOT NULL DEFAULT 1. Keep the table append-only. Skip the actor, device, batch and trace columns and the JSON-Schema event_type registry for now; document the event catalogue and versions in docs/24 s6.3. (b) Consumers read only rows with tx_id < pg_snapshot_xmin(pg_current_snapshot()), ordered by (tx_id, id), and store (tx_id, id) in app.event_consumer. Alert when the horizon stalls behind a long transaction. (c) Settle the docs/24 s6.3 versus docs/16 s8.6 conflict in DECISIONS.md: the aggregate projector is recompute-by-dirty-key only, and last_event_id is informational, not a skip guard. Domain events are the Phase 2 feed. (d) app.dirt Details and evidence: docs/audit/2026-10-07-enterprise-bar-audit.md, section DA-01.",enterprise-bar audit 2026-10-07,,,"severity high, verdict partly; apply the corrected recommendation; test-account doable",,db,T1
AUD-DA-02,"Capture rows do not freeze geography and outlet context, and the hierarchy has no history, so rebuilt aggregates and exports rewrite the past",BUILD,AUD,audit,L,4,4,,"Done when the recommendation is applied and tested: db lane, V0014 expand-only, scoped smaller than the finding proposes. (1) Add nullable zone_id, cluster_id, outlet_channel and outlet_geo_class to app.visit and app.memo (plus due_collection and stock_movement for zone_id and cluster_id). Ingest in backend-core stamps them once from the outlet and route as of the business date. Make them write-once in guard_synced_row. (2) Add app.route_zone_history, with the btree_gist exclusion pattern of route_planned, written by a trigger on route.zone_id. Alternatively refuse a zone change on a route that has captured rows, and say which in the contract description of RoutePatch. (3) Because dw.dim_geo, dim_outlet and dim_product are empty, redefine them now as SCD2 per docs/16 (geo_key, outlet_key, valid_from, valid_to, is_current) and add dw.dim_user. Facts then store the key valid on the busines Details and evidence: docs/audit/2026-10-07-enterprise-bar-audit.md, section DA-02.",enterprise-bar audit 2026-10-07,,,"severity high, verdict real; apply the corrected recommendation; test-account doable",,db,T1
AUD-DA-03,"No read-only data interface exists: zero views, zero database roles or grants; the app runs as the PostgreSQL admin",BUILD,AUD,audit,M,3,3,,"Done when the recommendation is applied and tested: db lane writes V0014 (or V0015) with NOLOGIN privilege roles api_rw, auth_rw, worker_rw, jobs_rw, web_ro, bi_reader, pii_reader, support_ro and owner roles. It runs REVOKE ALL ON SCHEMA app, dw FROM PUBLIC. Grants are generated from one map as in D-566. web_ro and bi_reader get SELECT only on explicit-column dw.v_* views, with a dw.v_outlet_masked view for the phone. Add a db test that connects as each role and asserts what it can and cannot read or write (positive and negative matrix). Then infra (Key Vault JDBC URLs, per-role logins) and backend-core (api_rw, worker_rw) switch off the admin login, and the infra.md decision line is closed. Do it early: every backend query written under the admin login must later be re-tested under least privilege. Drop the PUBLICATION and the extension installs from this row. Details and evidence: docs/audit/2026-10-07-enterprise-bar-audit.md, section DA-03.",enterprise-bar audit 2026-10-07,,,"severity high, verdict real; apply the corrected recommendation; test-account doable",,db,T1
AUD-DA-04,"System reference data (business code-list items) exists only in the dev seed, so a migrated QA, staging or prod database has empty code lists",BUILD,AUD,audit,S,3,3,,"Done when the recommendation is applied and tested: db lane, small forward-only migration (idempotent, ON CONFLICT DO NOTHING). Ship every code the specs name for the closed and logic-driving lists: visit_outcome (8), skip_reason, task_type, leave_type, payment_mode, the day_exception_reason codes of D-39, the force_reason codes of docs/16 s3.6, and the channel, sub_channel and geo_class codes with labels. Keep only truly dev overrides in db/seed/04. For lists authored with AKTCL (void_reason, stock_variance_reason, feedback_category), ship the minimal evidence-based codes and add a go-live checklist item for the sponsor. Add a db test that applies migrations only (no seed) and asserts that every contract CodeListKey has the items marked required, and that every outcome_code allowed by the CHECK exists in visit_outcome. Document the three data classes in db/seed/README.md: system referen Details and evidence: docs/audit/2026-10-07-enterprise-bar-audit.md, section DA-04.",enterprise-bar audit 2026-10-07,,,"severity high, verdict real; apply the corrected recommendation; test-account doable",,db,T1
AUD-DA-05,"PII is plain text in the outlet master and is copied into immutable audit and rejected-payload tables; no encryption, masking, export log or PII access control ",BUILD,AUD,audit,M,6,6,,"Done when the recommendation is applied and tested: Do not split the outlet PII into app.outlet_pii (that contradicts D-107). db lane: in one small migration, rename nid, tin and trade_license to nid_enc, tin_enc and trade_license_enc bytea (they are empty and unreachable by the API today) and add app.pii_key per docs/16 s13.2 and D-107. Add app.report_export_log for backend-reports (F-SYS-058). backend-admin and backend-core: define, before the first outlet write path lands, that the audit writer stores changed_fields plus a hash or mask for phone, owner_name and address, never the raw value, so the erasure path of docs/21 s4.8 can work against an immutable chain. Retention columns (purge_after) belong to the DA-06 retention work, not to this row. Details and evidence: docs/audit/2026-10-07-enterprise-bar-audit.md, section DA-05.",enterprise-bar audit 2026-10-07,,,"severity medium, verdict partly; apply the corrected recommendation; test-account doable",,db,T1
AUD-DA-06,"High-volume capture tables are unpartitioned and delete-proof, and partition_policy has no retention class, so nothing can ever be dropped",BUILD,AUD,audit,L,6,6,,"Done when the recommendation is applied and tested: lead: record a decision in DECISIONS.md settling docs/24 s12.1 versus docs/16 s8.11, and amend docs/24 s12.1. db lane, once settled and while the data is pilot-only: recreate the high-volume capture tables as monthly RANGE partitions on business_date (received_at or uploaded_on for telemetry) per docs/16 s1.7. In priority order that is qc_entry_line, survey_response, content_view, due_collection, stock_movement, attendance_event, print_event, activity_log and sync_batch. Use PRIMARY KEY (id, business_date), UNIQUE (client_uuid, business_date), the client_uuid_once trigger, and registration in app.partition_policy. Add retention_class to partition_policy plus app.retention_policy and app.archive_manifest as in docs/16 s13.1, but schedule the apply and archive job for before month 12 instead of now. Add a default-partition row-count check Details and evidence: docs/audit/2026-10-07-enterprise-bar-audit.md, section DA-06.",enterprise-bar audit 2026-10-07,,,"severity medium, verdict partly; apply the corrected recommendation; test-account doable",,db,T1
AUD-DA-07,"The dw layer is too thin for the later verticals: no line-grain, dues, stock, attendance or user dimension, so other products must read app tables",BUILD,AUD,audit,L,6,6,,"Done when the recommendation is applied and tested: db lane: record in docs/status/db.md which M-61 to M-99 objects are deliberately deferred, with the sub-milestone, so the gap is a decision. Fold dim_user into the DA-02 SCD2 dimension migration, because the dims are empty today. Build dw.fact_memo_line (partitioned like memo_line) and dw.fact_due_ledger only when a BUILD row or the BOD dashboard needs them. Give dw.build_dim_date() as a function so the calendar can be extended past 2030. Add a COMMENT with grain, source and owner to every dw table, as part of DA-08. Do not build the whole list now. Details and evidence: docs/audit/2026-10-07-enterprise-bar-audit.md, section DA-07.",enterprise-bar audit 2026-10-07,,,"severity medium, verdict partly; apply the corrected recommendation; test-account doable",,db,T1
AUD-DA-08,"No catalog-level conformance gate: 1 of 132 tables and 1 of 2,482 columns are commented; source and external_ref are inconsistent",BUILD,AUD,audit,M,6,6,,"Done when the recommendation is applied and tested: db lane: build tools/data-dictionary (generating docs/data-dictionary.md from pg_description) and a CatalogConventionTest as a ratchet. The test fails for any table or column added after V0013 that has no comment, using a checked-in baseline of the 132 existing tables so the gate cannot decay. Write COMMENTs first for every dw table and column and for the master tables that other products read, with owner and data-class tags, in a new migration (never an edit to a shipped file). Add 'source' (app, web, import, system) only to tables that mix origins, not blanket. Leave external_ref nullable as docs/24 says. Drop the generated-column and per-table-unique parts. The generated dictionary doubles as the column dictionary that docs/31 s3.5 requires for the dw views of DA-03. Details and evidence: docs/audit/2026-10-07-enterprise-bar-audit.md, section DA-08.",enterprise-bar audit 2026-10-07,,,"severity medium, verdict partly; apply the corrected recommendation; test-account doable",,db,T1
AUD-SEC-01,"Access tokens, upload grants and web sessions cannot be revoked; nothing bumps scope_version",BUILD,AUD,audit,M,6,6,,"Done when the recommendation is applied and tested: db lane: forward migration with triggers that bump app_user.scope_version on UPDATE OF role,status and on INSERT/UPDATE/DELETE of user_scope and route_assignment, coalesced per user per 5 min (D-100), so no admin writer can forget it. backend-core: extend the existing 10 s gate query (JdbiStores.gate) to read the token's device status via `did` and refuse suspended or revoked devices for aron-api tokens (fail closed on /admin/*). Enforce the post-revoke upload-grant cap in refresh() when the device-revoke endpoint (F-ADM-009/F-API-086) lands; the guard rule and the cap rule are separate changes. backend-admin: F-API-035b's acceptance must assert 401 ERR_SCOPE_CHANGED after a role, status, scope or assignment write. qa: add disable-user, revoke-device and reassign-route cases to the N-061 harness. Drop the 'upload grants must stop on dis Details and evidence: docs/audit/2026-10-07-enterprise-bar-audit.md, section SEC-01.",enterprise-bar audit 2026-10-07,,,"severity medium, verdict partly; apply the corrected recommendation; test-account doable",,backend-core,T1
AUD-SEC-02,"Anonymous login path can starve all Argon2 capacity, lock out any web admin for up to 24 h and grow auth_lockout without bound",BUILD,AUD,audit,M,3,3,,"Done when the recommendation is applied and tested: backend-core (T1): (1) reserve hash slots for phone clients with an enrolled device (or give web its own small semaphore) and put a global, not per-IP, token bucket with jittered Retry-After in front of /auth/login before any hashing. (2) Align lockout with D-102 and docs/21 s2.4: cap the lock at 2 h, never lock a bound device presenting a valid X-Device-Proof, and make IP class a step-up or alert signal only. Resolve the docs/24 s8.1 vs docs/21 s2.4 conflict in DECISIONS.md. (3) Have the BFF send the browser IP in an HMAC-signed header (key in Key Vault) so the web key is `username|ipclass`; until then do not hard-lock web accounts by BFF class. (4) Add the docs/21 s6.1 limiter (20/h per device, burst 5) on /auth/refresh. (5) Add an opportunistic or worker purge of auth_lockout rows idle beyond the window and not locked. qa: tests for  Details and evidence: docs/audit/2026-10-07-enterprise-bar-audit.md, section SEC-02.",enterprise-bar audit 2026-10-07,,,"severity high, verdict partly; apply the corrected recommendation; test-account doable",,backend-core,T1
AUD-SEC-03,"No security-event or audit trail for authentication; reuse, lockout and device refusals leave no durable record",BUILD,AUD,audit,M,6,6,,"Done when the recommendation is applied and tested: db lane: V0014 app.security_event, append-only with the same grants and deny_mutation pattern as audit_log, kinds per docs/21 s8.1 (login_failure deduplicated per username/device/minute, lockout, refresh_reuse, device_proof_invalid, device_state_refused, scope_changed, password_change, force_logout). backend-core: a SecurityEvents port in platform, best effort and off the request path so it never fails a login. Also emit one structured `aron.security` log line per event, so App Insights alerts can fire in the test account without a new store. infra: an alert for refresh_reuse > 0 and login_failure spikes, wired in N-062. Add a backlog row so the work is tracked, since none exists today. Test: replay a used refresh token after 60 s and assert exactly one refresh_reuse row and a revoked family. Details and evidence: docs/audit/2026-10-07-enterprise-bar-audit.md, section SEC-03.",enterprise-bar audit 2026-10-07,,,"severity medium, verdict partly; apply the corrected recommendation; test-account doable",,backend-core,T1
AUD-SEC-04,"Web admin session has no idle or absolute limit and lacks CSP, HSTS and no-store, against docs/21 s2.8",BUILD,AUD,audit,M,4,4,,"Done when the recommendation is applied and tested: web-dashboard (F-WEB-043) with web-admin: carry session start and last-active in the sealed session; enforce cfg.auth.web_session_idle_min (30) and a 7-day absolute cap for ADMIN_PORTAL_ROLES in proxy.ts and authenticate(); ignore `remember` for admin roles (docs/21 s2.8); scope the aron_rt cookie to the refresh and logout BFF routes. Add a nonce CSP (default-src 'self', frame-ancestors 'none') and HSTS (1 year, no preload until after the pilot) in proxy.ts or next.config.ts. A vitest asserting the header set and cookie attributes. backend-core: no-store and nosniff on /v1/auth/* and /v1/me is optional hygiene, not a priority. Details and evidence: docs/audit/2026-10-07-enterprise-bar-audit.md, section SEC-04.",enterprise-bar audit 2026-10-07,,,"severity medium, verdict partly; apply the corrected recommendation; test-account doable",,web-dashboard,T1
AUD-SEC-05,Dependency artifacts are unverified and nothing scans them; a non-Central mirror is being added for non-CI builds,BUILD,AUD,audit,M,6,6,,"Done when the recommendation is applied and tested: infra lane: keep Gradle verification-metadata generation on the planned Day-6 slot, generated on GitHub Actions from real Central, and do not re-log the mirror. Pull one cheap gate forward into ci.yml now: OSV-Scanner (pinned, checksum-verified via tools/ci/install-tool.sh) on web/package-lock.json and later the Gradle verification file, failing on critical or high; the actions/dependency-review-action on PRs (works while the repo is public); and Trivy on the two images failing on critical. Add web/.npmrc with ignore-scripts=true and a reviewed allow-list for packages that need install scripts (test with next and its SWC binary), replace `--no-audit` in web.Dockerfile with `npm audit --omit=dev --audit-level=high` as a CI step, and pin @redocly/cli as an exact devDependency. qa: N-061 consumes the scanner output instead of running a one Details and evidence: docs/audit/2026-10-07-enterprise-bar-audit.md, section SEC-05.",enterprise-bar audit 2026-10-07,,,"severity medium, verdict partly; apply the corrected recommendation; test-account doable",,infra,T1
AUD-SEC-07,"One exportable ES256 key in every replica's environment signs tokens and derives refresh tokens, with no rotation procedure",BUILD,AUD,audit,S,6,6,,"Done when the recommendation is applied and tested: backend-core: let Settings accept a missing signing key for ARON_ROLE=worker (verifier-only or none) and drop the jwt-signing-key secret ref from the worker container in apps.bicep (infra). Optionally make the refresh derivation key its own Key Vault secret (aron-refresh-rotation-key), which removes the documented in-grace family-revoke on rotation. qa/infra: add a CI test that JWKS exposes both keys while ARON_JWT_NEXT_PUBLIC_KEY is set, and let the T-7-71 drill reuse it. Do not write a separate rotation programme: T-7-71 and docs/21 already own it. Details and evidence: docs/audit/2026-10-07-enterprise-bar-audit.md, section SEC-07.",enterprise-bar audit 2026-10-07,,,"severity medium, verdict partly; apply the corrected recommendation; test-account doable",,backend-core,T1
AUD-SEC-08,Route authentication is opt-in; no structural test stops a lane from shipping an unguarded endpoint,BUILD,AUD,audit,S,4,4,,"Done when the recommendation is applied and tested: backend-core with qa: add a RouteGuardInventoryTest that walks application.routing under /v1 and fails for any route outside an explicit public allow-list (health, health/ready, auth/login, auth/refresh, auth/jwks) that lacks the AuthGuard plugin, and a per-route role-denial matrix derived from the contract; optionally invert the design so /v1 is guarded by default and public routes are declared inside an explicit public {} block. Run it in the jvm CI job so it blocks every lane's push from day one rather than at N-061. Details and evidence: docs/audit/2026-10-07-enterprise-bar-audit.md, section SEC-08.",enterprise-bar audit 2026-10-07,,,"severity medium, verdict real; apply the corrected recommendation; test-account doable",,backend-core,T1
AUD-TP-1,"The idempotent-sync fuzz/property proof (CLAUDE.md's most important rule) has no owner, no harness and is scheduled after the code it must constrain",BUILD,AUD,audit,L,3,3,,"Done when the recommendation is applied and tested: Owner lane qa, with backend-core. Start N-014 now instead of waiting for Wave 2, since its dependencies are met. Build an in-process Ktor and PostgreSQL convergence harness with a reference-model oracle, reading ARON_FUZZ_SEED and ARON_FUZZ_RUNS and printing the seed on failure. Add to the F-API-006 checker brief a requirement to extend that harness (batch_uuid replay, children before parents, truncated tails, crash between commit and stored response). Scale to N-024 volumes once F-SYS-008 exists. Defer the Room-side outbox property test and the nightly schedule until F-SYS-008 and N-024 exist. Effort M, doable in the test account. Details and evidence: docs/audit/2026-10-07-enterprise-bar-audit.md, section TP-1.",enterprise-bar audit 2026-10-07,,,"severity high, verdict partly; apply the corrected recommendation; test-account doable",,backend-core,T1
AUD-TP-2,"No test ever checks the running API against contract/openapi.yaml; phone, web and backend are each tested only against doubles; deploy smoke is /health only",BUILD,AUD,audit,M,6,6,,"Done when the recommendation is applied and tested: Owner lane qa for the conformance suite, infra for the probe. Drop the oasdiff part, which exists. (1) Make the first N-014 deliverable a ContractConformanceTest in backend/app: drive each implemented operation through the production wiring and validate request and response bodies and problem codes against the contract schemas. Fail when an implemented route is missing from the contract. (2) After F-API-005 and F-API-006 land, extend infra/scripts/smoke.sh with a synthetic sr1001 probe (login, bundle, POST /sync/batch twice, assert one memo) so a green deploy means login and sync work. (3) Leave the web mock alone until the real slice runs on dev. Effort M. Details and evidence: docs/audit/2026-10-07-enterprise-bar-audit.md, section TP-2.",enterprise-bar audit 2026-10-07,,,"severity medium, verdict partly; apply the corrected recommendation; test-account doable",,qa,T1
AUD-TP-3,Scope-leak harness is hand-wired to one route group; nothing fails when a new endpoint ships without a scope test,BUILD,AUD,audit,M,4,4,,"Done when the recommendation is applied and tested: Owner lane backend-core, in backend/platform or backend/app tests. Add a route-registry test that walks the production routing tree and requires each route to have a registered scope case or an allowlist entry with a reason (health, login, refresh, public enrol). Run it in the existing jvm job. Fold the 'deliberately leaky stub must fail the harness' self-test into N-014 rather than a new row. Read the ScopeWorld seed list from an env var and use more seeds for the nightly or N-061 run. Effort M. Details and evidence: docs/audit/2026-10-07-enterprise-bar-audit.md, section TP-3.",enterprise-bar audit 2026-10-07,,,"severity high, verdict partly; apply the corrected recommendation; test-account doable",,backend-core,T1
AUD-TP-4,"Kill-and-relaunch is simulated by a clean DB close, there is no crash hook, and the androidTest files never run in CI",BUILD,AUD,audit,M,4,4,,"Done when the recommendation is applied and tested: Owner lane infra (not android-core). Add a CI emulator job (reactivecircus/android-emulator-runner pinned by SHA, API 34, KVM) that runs connectedDebugAndroidTest for core-database and core-session on pushes touching android/, before F-SYS-006 wires the SQLCipher passphrase into the apps. Add a one-line request to infra for it, since none exists. Defer the debug-only KillPoint hook to the F-SYS-008 row and run it as the RC device-lab step; do not build it now. Effort S to M. Details and evidence: docs/audit/2026-10-07-enterprise-bar-audit.md, section TP-4.",enterprise-bar audit 2026-10-07,,,"severity high, verdict partly; apply the corrected recommendation; test-account doable",,android-core,T1
AUD-TP-5,"35 screen rows are accepted by 'checked on the Galaxy A06' (one human, one phone); no screenshot or golden tooling exists; N-018's acceptance is not automatable",BUILD,AUD,audit,M,6,6,,"Done when the recommendation is applied and tested: Owner lane android-core-ui, as part of the N-023 UI kit: add one shared Robolectric Compose test helper (320 dp width, font scale 1.0 and 1.3, bn and en, Bengali digits) that asserts the key nodes are displayed and not clipped, and make it a standard case for each screen row. Do not add screenshot goldens for every screen. Have android-print state a 0.5 percent tolerance (docs/20 T-1-141) in its first N-018 status note, and let the lead amend the acceptance wording by request if the builder needs it. Keep the batched device pass in device-checks.md. Effort S. Details and evidence: docs/audit/2026-10-07-enterprise-bar-audit.md, section TP-5.",enterprise-bar audit 2026-10-07,,,"severity medium, verdict partly; apply the corrected recommendation; test-account doable",,android-core,T1
AUD-TP-6,"Engineering gates promised in docs/31 s2 and docs/20 are absent: no Kotlin static analysis, coverage floors, CodeQL, gitleaks, squawk, size gate, nightly run or",BUILD,AUD,audit,L,6,6,,"Done when the recommendation is applied and tested: Owner lane infra, small hygiene only. Drop the CodeQL, gitleaks, squawk, SBOM and size-gate items, which exist. (1) Loosen the SeededDayLoadTest budget to a loose structural bound (for example 5 times the host figure) or log it as a metric, since the real number is the device check. (2) Make the Playwright report show flaky tests (JSON or html reporter, or fail when a retry was needed). (3) Add Kotlin warnings-as-errors and Kover floors only on shared/rules, backend scope, auth and sync once those modules hold real code. Detekt is optional. Effort S. Details and evidence: docs/audit/2026-10-07-enterprise-bar-audit.md, section TP-6.",enterprise-bar audit 2026-10-07,,,"severity medium, verdict partly; apply the corrected recommendation; test-account doable",,infra,T1
AUD-TP-7,"Every DB test, the CI service container and the deployed API run as a PostgreSQL superuser or admin login; privilege, RLS and read-only role guarantees can neve",BUILD,AUD,audit,M,4,4,,"Done when the recommendation is applied and tested: Owner lane db first, then infra. Add a forward-only migration that creates NOLOGIN group roles (api, worker, migrate, web_ro, bi_reader) with explicit GRANTs and ALTER DEFAULT PRIVILEGES, so tables added by later migrations inherit them. Do not reuse the name app.role_grant_map, because V0002 line 241 already uses it for admin permission bundles per role (docs/16 D-566 expects a different table). Add a DbRoleTest that connects through SET ROLE or a real login and asserts the has_table_privilege matrix (missing and extra both fail), that web_ro and bi_reader cannot SELECT app.*, and that the api role cannot UPDATE or DELETE audit_log, ledgers or memo versions. Infra then creates the three runtime logins in the migrate job, points db-url at the api role and db-read-url at web_ro, and keeps the admin login only for migrate. CI runs the bac Details and evidence: docs/audit/2026-10-07-enterprise-bar-audit.md, section TP-7.",enterprise-bar audit 2026-10-07,,,"severity high, verdict real; apply the corrected recommendation; test-account doable",,db,T1
AUD-TP-8,"'Done' rows are self-reported: no machine link between a backlog row, its acceptance test and the status CSV",BUILD,AUD,audit,S,6,6,,"Done when the recommendation is applied and tested: Owner lane infra (or lead), cheap version only. Add tools/ci/done-rows-check.py: for every finished row id in docs/status/*.csv, require at least one test source under */src/*[tT]est*/ or web/tests that names the id (the KDoc convention already followed by about 86 percent of rows), and fail on any @Ignore, @Disabled, test.skip or placeholder-only module test for a finished row. Run it as a warning first, then as a gate. Skip the @Tag retrofit and gate-report.json. Optionally add a checker column to the status CSVs so the docs/29 sampled-audit rate can be computed. Effort S. Details and evidence: docs/audit/2026-10-07-enterprise-bar-audit.md, section TP-8.",enterprise-bar audit 2026-10-07,,,"severity medium, verdict partly; apply the corrected recommendation; test-account doable",,qa,T1
